attempt_id,version,student_id,skill_id,task_id,matched_task_set_id,checkpoint_id,timestamp,assistance,task_type,response_text,correctness,time_taken_seconds,hint_count,rubric_version,synthetic,similarity_to_prior,origin,self_reported_confidence
widening-cp1-assisted,1,demo-widening,python.loops,loops-set-1-assisted,loops-set-1,week-1,2026-09-07T10:00:00Z,assisted,written,Synthetic explanation: range excludes the stop value.,0.85,180,2,loops-rubric-v1,true,,system,0.87
widening-cp1-unassisted,1,demo-widening,python.loops,loops-set-1-unassisted,loops-set-1,week-1,2026-09-07T10:00:00Z,unassisted,written,Synthetic attempt: I included the stop value when tracing the loop.,0.75,300,0,loops-rubric-v1,true,,system,0.8
widening-cp2-assisted,1,demo-widening,python.loops,loops-set-2-assisted,loops-set-2,week-2,2026-09-14T10:00:00Z,assisted,written,Synthetic explanation: range excludes the stop value.,0.85,180,2,loops-rubric-v1,true,,system,0.87
widening-cp2-unassisted,1,demo-widening,python.loops,loops-set-2-unassisted,loops-set-2,week-2,2026-09-14T10:00:00Z,unassisted,written,Synthetic attempt: I included the stop value when tracing the loop.,0.6,300,0,loops-rubric-v1,true,,system,0.65
widening-cp3-assisted,1,demo-widening,python.loops,loops-set-3-assisted,loops-set-3,week-3,2026-09-21T10:00:00Z,assisted,written,Synthetic explanation: range excludes the stop value.,0.85,180,2,loops-rubric-v1,true,,system,0.87
widening-cp3-unassisted,1,demo-widening,python.loops,loops-set-3-unassisted,loops-set-3,week-3,2026-09-21T10:00:00Z,unassisted,written,Synthetic attempt: I included the stop value when tracing the loop.,0.45,300,0,loops-rubric-v1,true,,system,0.5
narrowing-cp1-assisted,1,demo-narrowing,python.loops,loops-set-1-assisted,loops-set-1,week-1,2026-09-07T10:00:00Z,assisted,written,Synthetic explanation: range excludes the stop value.,0.85,180,2,loops-rubric-v1,true,,system,0.87
narrowing-cp1-unassisted,1,demo-narrowing,python.loops,loops-set-1-unassisted,loops-set-1,week-1,2026-09-07T10:00:00Z,unassisted,written,Synthetic attempt: I included the stop value when tracing the loop.,0.45,300,0,loops-rubric-v1,true,,system,0.5
narrowing-cp2-assisted,1,demo-narrowing,python.loops,loops-set-2-assisted,loops-set-2,week-2,2026-09-14T10:00:00Z,assisted,written,Synthetic explanation: range excludes the stop value.,0.85,180,2,loops-rubric-v1,true,,system,0.87
narrowing-cp2-unassisted,1,demo-narrowing,python.loops,loops-set-2-unassisted,loops-set-2,week-2,2026-09-14T10:00:00Z,unassisted,written,Synthetic attempt: I included the stop value when tracing the loop.,0.6,300,0,loops-rubric-v1,true,,system,0.65
narrowing-cp3-assisted,1,demo-narrowing,python.loops,loops-set-3-assisted,loops-set-3,week-3,2026-09-21T10:00:00Z,assisted,written,Synthetic explanation: range excludes the stop value.,0.85,180,2,loops-rubric-v1,true,,system,0.87
narrowing-cp3-unassisted,1,demo-narrowing,python.loops,loops-set-3-unassisted,loops-set-3,week-3,2026-09-21T10:00:00Z,unassisted,written,Synthetic attempt: I included the stop value when tracing the loop.,0.75,300,0,loops-rubric-v1,true,,system,0.8
stable-cp1-assisted,1,demo-stable,python.loops,loops-set-1-assisted,loops-set-1,week-1,2026-09-07T10:00:00Z,assisted,written,Synthetic explanation: range excludes the stop value.,0.85,180,2,loops-rubric-v1,true,,system,0.87
stable-cp1-unassisted,1,demo-stable,python.loops,loops-set-1-unassisted,loops-set-1,week-1,2026-09-07T10:00:00Z,unassisted,written,Synthetic attempt: I included the stop value when tracing the loop.,0.7,300,0,loops-rubric-v1,true,,system,0.75
stable-cp2-assisted,1,demo-stable,python.loops,loops-set-2-assisted,loops-set-2,week-2,2026-09-14T10:00:00Z,assisted,written,Synthetic explanation: range excludes the stop value.,0.85,180,2,loops-rubric-v1,true,,system,0.87
stable-cp2-unassisted,1,demo-stable,python.loops,loops-set-2-unassisted,loops-set-2,week-2,2026-09-14T10:00:00Z,unassisted,written,Synthetic attempt: I included the stop value when tracing the loop.,0.7,300,0,loops-rubric-v1,true,,system,0.75
stable-cp3-assisted,1,demo-stable,python.loops,loops-set-3-assisted,loops-set-3,week-3,2026-09-21T10:00:00Z,assisted,written,Synthetic explanation: range excludes the stop value.,0.85,180,2,loops-rubric-v1,true,,system,0.87
stable-cp3-unassisted,1,demo-stable,python.loops,loops-set-3-unassisted,loops-set-3,week-3,2026-09-21T10:00:00Z,unassisted,written,Synthetic attempt: I included the stop value when tracing the loop.,0.7,300,0,loops-rubric-v1,true,,system,0.75
sparse-cp1-assisted,1,demo-sparse,python.loops,loops-set-1-assisted,loops-set-1,week-1,2026-09-07T10:00:00Z,assisted,written,Synthetic explanation: range excludes the stop value.,0.85,180,2,loops-rubric-v1,true,,system,0.87
sparse-cp1-unassisted,1,demo-sparse,python.loops,loops-set-1-unassisted,loops-set-1,week-1,2026-09-07T10:00:00Z,unassisted,written,Synthetic attempt: I included the stop value when tracing the loop.,0.75,300,0,loops-rubric-v1,true,,system,0.8
sparse-cp2-assisted,1,demo-sparse,python.loops,loops-set-2-assisted,loops-set-2,week-2,2026-09-14T10:00:00Z,assisted,written,Synthetic explanation: range excludes the stop value.,0.85,180,2,loops-rubric-v1,true,,system,0.87
sparse-cp2-unassisted,1,demo-sparse,python.loops,loops-set-2-unassisted,loops-set-2,week-2,2026-09-14T10:00:00Z,unassisted,written,Synthetic attempt: I included the stop value when tracing the loop.,0.6,300,0,loops-rubric-v1,true,,system,0.65
syn-widening-1-cp1-assisted,1,syn-widening-1,python.loops,loops-set-1-assisted,loops-set-1,week-1,2026-09-07T10:00:00Z,assisted,written,Synthetic explanation: range excludes the stop value.,0.85,180,2,loops-rubric-v1,true,,system,0.87
syn-widening-1-cp1-unassisted,1,syn-widening-1,python.loops,loops-set-1-unassisted,loops-set-1,week-1,2026-09-07T10:00:00Z,unassisted,written,Synthetic attempt: I summed one extra element past the stop bound.,0.78,300,0,loops-rubric-v1,true,,system,0.83
syn-widening-1-cp2-assisted,1,syn-widening-1,python.loops,loops-set-2-assisted,loops-set-2,week-2,2026-09-14T10:00:00Z,assisted,written,Synthetic explanation: range excludes the stop value.,0.85,180,2,loops-rubric-v1,true,,system,0.87
syn-widening-1-cp2-unassisted,1,syn-widening-1,python.loops,loops-set-2-unassisted,loops-set-2,week-2,2026-09-14T10:00:00Z,unassisted,written,Synthetic attempt: I included the stop value when tracing the loop.,0.71,300,0,loops-rubric-v1,true,,system,0.76
syn-widening-1-cp3-assisted,1,syn-widening-1,python.loops,loops-set-3-assisted,loops-set-3,week-3,2026-09-21T10:00:00Z,assisted,written,Synthetic explanation: range excludes the stop value.,0.85,180,2,loops-rubric-v1,true,,system,0.87
syn-widening-1-cp3-unassisted,1,syn-widening-1,python.loops,loops-set-3-unassisted,loops-set-3,week-3,2026-09-21T10:00:00Z,unassisted,written,Synthetic attempt: I traced range as if both bounds were inclusive.,0.64,300,0,loops-rubric-v1,true,,system,0.69
syn-widening-1-cp4-assisted,1,syn-widening-1,python.loops,loops-set-4-assisted,loops-set-4,week-4,2026-09-28T10:00:00Z,assisted,written,Synthetic explanation: range excludes the stop value.,0.85,180,2,loops-rubric-v1,true,,system,0.87
syn-widening-1-cp4-unassisted,1,syn-widening-1,python.loops,loops-set-4-unassisted,loops-set-4,week-4,2026-09-28T10:00:00Z,unassisted,written,Synthetic attempt: I started the loop at 1 and stopped before n.,0.57,300,0,loops-rubric-v1,true,,system,0.62
syn-widening-1-cp5-assisted,1,syn-widening-1,python.loops,loops-set-5-assisted,loops-set-5,week-5,2026-10-05T10:00:00Z,assisted,written,Synthetic explanation: range excludes the stop value.,0.85,180,2,loops-rubric-v1,true,,system,0.87
syn-widening-1-cp5-unassisted,1,syn-widening-1,python.loops,loops-set-5-unassisted,loops-set-5,week-5,2026-10-05T10:00:00Z,unassisted,written,Synthetic attempt: I summed one extra element past the stop bound.,0.5,300,0,loops-rubric-v1,true,,system,0.55
syn-widening-2-cp1-assisted,1,syn-widening-2,python.loops,loops-set-1-assisted,loops-set-1,week-1,2026-09-07T10:00:00Z,assisted,written,Synthetic explanation: range excludes the stop value.,0.85,180,2,loops-rubric-v1,true,,system,0.87
syn-widening-2-cp1-unassisted,1,syn-widening-2,python.loops,loops-set-1-unassisted,loops-set-1,week-1,2026-09-07T10:00:00Z,unassisted,written,Synthetic attempt: I summed one extra element past the stop bound.,0.76,300,0,loops-rubric-v1,true,,system,0.81
syn-widening-2-cp2-assisted,1,syn-widening-2,python.loops,loops-set-2-assisted,loops-set-2,week-2,2026-09-14T10:00:00Z,assisted,written,Synthetic explanation: range excludes the stop value.,0.85,180,2,loops-rubric-v1,true,,system,0.87
syn-widening-2-cp2-unassisted,1,syn-widening-2,python.loops,loops-set-2-unassisted,loops-set-2,week-2,2026-09-14T10:00:00Z,unassisted,written,Synthetic attempt: I included the stop value when tracing the loop.,0.69,300,0,loops-rubric-v1,true,,system,0.74
syn-widening-2-cp3-assisted,1,syn-widening-2,python.loops,loops-set-3-assisted,loops-set-3,week-3,2026-09-21T10:00:00Z,assisted,written,Synthetic explanation: range excludes the stop value.,0.85,180,2,loops-rubric-v1,true,,system,0.87
syn-widening-2-cp3-unassisted,1,syn-widening-2,python.loops,loops-set-3-unassisted,loops-set-3,week-3,2026-09-21T10:00:00Z,unassisted,written,Synthetic attempt: I traced range as if both bounds were inclusive.,0.62,300,0,loops-rubric-v1,true,,system,0.67
syn-widening-2-cp4-assisted,1,syn-widening-2,python.loops,loops-set-4-assisted,loops-set-4,week-4,2026-09-28T10:00:00Z,assisted,written,Synthetic explanation: range excludes the stop value.,0.85,180,2,loops-rubric-v1,true,,system,0.87
syn-widening-2-cp4-unassisted,1,syn-widening-2,python.loops,loops-set-4-unassisted,loops-set-4,week-4,2026-09-28T10:00:00Z,unassisted,written,Synthetic attempt: I started the loop at 1 and stopped before n.,0.55,300,0,loops-rubric-v1,true,,system,0.6
syn-widening-2-cp5-assisted,1,syn-widening-2,python.loops,loops-set-5-assisted,loops-set-5,week-5,2026-10-05T10:00:00Z,assisted,written,Synthetic explanation: range excludes the stop value.,0.85,180,2,loops-rubric-v1,true,,system,0.87
syn-widening-2-cp5-unassisted,1,syn-widening-2,python.loops,loops-set-5-unassisted,loops-set-5,week-5,2026-10-05T10:00:00Z,unassisted,written,Synthetic attempt: I summed one extra element past the stop bound.,0.48,300,0,loops-rubric-v1,true,,system,0.53
syn-widening-3-cp1-assisted,1,syn-widening-3,python.loops,loops-set-1-assisted,loops-set-1,week-1,2026-09-07T10:00:00Z,assisted,written,Synthetic explanation: range excludes the stop value.,0.85,180,2,loops-rubric-v1,true,,system,0.87
syn-widening-3-cp1-unassisted,1,syn-widening-3,python.loops,loops-set-1-unassisted,loops-set-1,week-1,2026-09-07T10:00:00Z,unassisted,written,Synthetic attempt: I summed one extra element past the stop bound.,0.74,300,0,loops-rubric-v1,true,,system,0.79
syn-widening-3-cp2-assisted,1,syn-widening-3,python.loops,loops-set-2-assisted,loops-set-2,week-2,2026-09-14T10:00:00Z,assisted,written,Synthetic explanation: range excludes the stop value.,0.85,180,2,loops-rubric-v1,true,,system,0.87
syn-widening-3-cp2-unassisted,1,syn-widening-3,python.loops,loops-set-2-unassisted,loops-set-2,week-2,2026-09-14T10:00:00Z,unassisted,written,Synthetic attempt: I included the stop value when tracing the loop.,0.67,300,0,loops-rubric-v1,true,,system,0.72
syn-widening-3-cp3-assisted,1,syn-widening-3,python.loops,loops-set-3-assisted,loops-set-3,week-3,2026-09-21T10:00:00Z,assisted,written,Synthetic explanation: range excludes the stop value.,0.85,180,2,loops-rubric-v1,true,,system,0.87
syn-widening-3-cp3-unassisted,1,syn-widening-3,python.loops,loops-set-3-unassisted,loops-set-3,week-3,2026-09-21T10:00:00Z,unassisted,written,Synthetic attempt: I traced range as if both bounds were inclusive.,0.6,300,0,loops-rubric-v1,true,,system,0.65
syn-widening-3-cp4-assisted,1,syn-widening-3,python.loops,loops-set-4-assisted,loops-set-4,week-4,2026-09-28T10:00:00Z,assisted,written,Synthetic explanation: range excludes the stop value.,0.85,180,2,loops-rubric-v1,true,,system,0.87
syn-widening-3-cp4-unassisted,1,syn-widening-3,python.loops,loops-set-4-unassisted,loops-set-4,week-4,2026-09-28T10:00:00Z,unassisted,written,Synthetic attempt: I started the loop at 1 and stopped before n.,0.53,300,0,loops-rubric-v1,true,,system,0.58
syn-widening-3-cp5-assisted,1,syn-widening-3,python.loops,loops-set-5-assisted,loops-set-5,week-5,2026-10-05T10:00:00Z,assisted,written,Synthetic explanation: range excludes the stop value.,0.85,180,2,loops-rubric-v1,true,,system,0.87
syn-widening-3-cp5-unassisted,1,syn-widening-3,python.loops,loops-set-5-unassisted,loops-set-5,week-5,2026-10-05T10:00:00Z,unassisted,written,Synthetic attempt: I summed one extra element past the stop bound.,0.46,300,0,loops-rubric-v1,true,,system,0.51
syn-widening-4-cp1-assisted,1,syn-widening-4,python.loops,loops-set-1-assisted,loops-set-1,week-1,2026-09-07T10:00:00Z,assisted,written,Synthetic explanation: range excludes the stop value.,0.85,180,2,loops-rubric-v1,true,,system,0.87
syn-widening-4-cp1-unassisted,1,syn-widening-4,python.loops,loops-set-1-unassisted,loops-set-1,week-1,2026-09-07T10:00:00Z,unassisted,written,Synthetic attempt: I summed one extra element past the stop bound.,0.72,300,0,loops-rubric-v1,true,,system,0.77
syn-widening-4-cp2-assisted,1,syn-widening-4,python.loops,loops-set-2-assisted,loops-set-2,week-2,2026-09-14T10:00:00Z,assisted,written,Synthetic explanation: range excludes the stop value.,0.85,180,2,loops-rubric-v1,true,,system,0.87
syn-widening-4-cp2-unassisted,1,syn-widening-4,python.loops,loops-set-2-unassisted,loops-set-2,week-2,2026-09-14T10:00:00Z,unassisted,written,Synthetic attempt: I included the stop value when tracing the loop.,0.65,300,0,loops-rubric-v1,true,,system,0.7
syn-widening-4-cp3-assisted,1,syn-widening-4,python.loops,loops-set-3-assisted,loops-set-3,week-3,2026-09-21T10:00:00Z,assisted,written,Synthetic explanation: range excludes the stop value.,0.85,180,2,loops-rubric-v1,true,,system,0.87
syn-widening-4-cp3-unassisted,1,syn-widening-4,python.loops,loops-set-3-unassisted,loops-set-3,week-3,2026-09-21T10:00:00Z,unassisted,written,Synthetic attempt: I traced range as if both bounds were inclusive.,0.58,300,0,loops-rubric-v1,true,,system,0.63
syn-widening-4-cp4-assisted,1,syn-widening-4,python.loops,loops-set-4-assisted,loops-set-4,week-4,2026-09-28T10:00:00Z,assisted,written,Synthetic explanation: range excludes the stop value.,0.85,180,2,loops-rubric-v1,true,,system,0.87
syn-widening-4-cp4-unassisted,1,syn-widening-4,python.loops,loops-set-4-unassisted,loops-set-4,week-4,2026-09-28T10:00:00Z,unassisted,written,Synthetic attempt: I started the loop at 1 and stopped before n.,0.51,300,0,loops-rubric-v1,true,,system,0.56
syn-widening-4-cp5-assisted,1,syn-widening-4,python.loops,loops-set-5-assisted,loops-set-5,week-5,2026-10-05T10:00:00Z,assisted,written,Synthetic explanation: range excludes the stop value.,0.85,180,2,loops-rubric-v1,true,,system,0.87
syn-widening-4-cp5-unassisted,1,syn-widening-4,python.loops,loops-set-5-unassisted,loops-set-5,week-5,2026-10-05T10:00:00Z,unassisted,written,Synthetic attempt: I summed one extra element past the stop bound.,0.44,300,0,loops-rubric-v1,true,,system,0.49
syn-widening-5-cp1-assisted,1,syn-widening-5,python.loops,loops-set-1-assisted,loops-set-1,week-1,2026-09-07T10:00:00Z,assisted,written,Synthetic explanation: range excludes the stop value.,0.85,180,2,loops-rubric-v1,true,,system,0.87
syn-widening-5-cp1-unassisted,1,syn-widening-5,python.loops,loops-set-1-unassisted,loops-set-1,week-1,2026-09-07T10:00:00Z,unassisted,written,Synthetic attempt: I summed one extra element past the stop bound.,0.78,300,0,loops-rubric-v1,true,,system,0.83
syn-widening-5-cp2-assisted,1,syn-widening-5,python.loops,loops-set-2-assisted,loops-set-2,week-2,2026-09-14T10:00:00Z,assisted,written,Synthetic explanation: range excludes the stop value.,0.85,180,2,loops-rubric-v1,true,,system,0.87
syn-widening-5-cp2-unassisted,1,syn-widening-5,python.loops,loops-set-2-unassisted,loops-set-2,week-2,2026-09-14T10:00:00Z,unassisted,written,Synthetic attempt: I included the stop value when tracing the loop.,0.71,300,0,loops-rubric-v1,true,,system,0.76
syn-widening-5-cp3-assisted,1,syn-widening-5,python.loops,loops-set-3-assisted,loops-set-3,week-3,2026-09-21T10:00:00Z,assisted,written,Synthetic explanation: range excludes the stop value.,0.85,180,2,loops-rubric-v1,true,,system,0.87
syn-widening-5-cp3-unassisted,1,syn-widening-5,python.loops,loops-set-3-unassisted,loops-set-3,week-3,2026-09-21T10:00:00Z,unassisted,written,Synthetic attempt: I traced range as if both bounds were inclusive.,0.64,300,0,loops-rubric-v1,true,,system,0.69
syn-widening-5-cp4-assisted,1,syn-widening-5,python.loops,loops-set-4-assisted,loops-set-4,week-4,2026-09-28T10:00:00Z,assisted,written,Synthetic explanation: range excludes the stop value.,0.85,180,2,loops-rubric-v1,true,,system,0.87
syn-widening-5-cp4-unassisted,1,syn-widening-5,python.loops,loops-set-4-unassisted,loops-set-4,week-4,2026-09-28T10:00:00Z,unassisted,written,Synthetic attempt: I started the loop at 1 and stopped before n.,0.57,300,0,loops-rubric-v1,true,,system,0.62
syn-widening-5-cp5-assisted,1,syn-widening-5,python.loops,loops-set-5-assisted,loops-set-5,week-5,2026-10-05T10:00:00Z,assisted,written,Synthetic explanation: range excludes the stop value.,0.85,180,2,loops-rubric-v1,true,,system,0.87
syn-widening-5-cp5-unassisted,1,syn-widening-5,python.loops,loops-set-5-unassisted,loops-set-5,week-5,2026-10-05T10:00:00Z,unassisted,written,Synthetic attempt: I summed one extra element past the stop bound.,0.5,300,0,loops-rubric-v1,true,,system,0.55
syn-widening-6-cp1-assisted,1,syn-widening-6,python.loops,loops-set-1-assisted,loops-set-1,week-1,2026-09-07T10:00:00Z,assisted,written,Synthetic explanation: range excludes the stop value.,0.85,180,2,loops-rubric-v1,true,,system,0.87
syn-widening-6-cp1-unassisted,1,syn-widening-6,python.loops,loops-set-1-unassisted,loops-set-1,week-1,2026-09-07T10:00:00Z,unassisted,written,Synthetic attempt: I summed one extra element past the stop bound.,0.76,300,0,loops-rubric-v1,true,,system,0.81
syn-widening-6-cp2-assisted,1,syn-widening-6,python.loops,loops-set-2-assisted,loops-set-2,week-2,2026-09-14T10:00:00Z,assisted,written,Synthetic explanation: range excludes the stop value.,0.85,180,2,loops-rubric-v1,true,,system,0.87
syn-widening-6-cp2-unassisted,1,syn-widening-6,python.loops,loops-set-2-unassisted,loops-set-2,week-2,2026-09-14T10:00:00Z,unassisted,written,Synthetic attempt: I included the stop value when tracing the loop.,0.69,300,0,loops-rubric-v1,true,,system,0.74
syn-widening-6-cp3-assisted,1,syn-widening-6,python.loops,loops-set-3-assisted,loops-set-3,week-3,2026-09-21T10:00:00Z,assisted,written,Synthetic explanation: range excludes the stop value.,0.85,180,2,loops-rubric-v1,true,,system,0.87
syn-widening-6-cp3-unassisted,1,syn-widening-6,python.loops,loops-set-3-unassisted,loops-set-3,week-3,2026-09-21T10:00:00Z,unassisted,written,Synthetic attempt: I traced range as if both bounds were inclusive.,0.62,300,0,loops-rubric-v1,true,,system,0.67
syn-widening-6-cp4-assisted,1,syn-widening-6,python.loops,loops-set-4-assisted,loops-set-4,week-4,2026-09-28T10:00:00Z,assisted,written,Synthetic explanation: range excludes the stop value.,0.85,180,2,loops-rubric-v1,true,,system,0.87
syn-widening-6-cp4-unassisted,1,syn-widening-6,python.loops,loops-set-4-unassisted,loops-set-4,week-4,2026-09-28T10:00:00Z,unassisted,written,Synthetic attempt: I started the loop at 1 and stopped before n.,0.55,300,0,loops-rubric-v1,true,,system,0.6
syn-widening-6-cp5-assisted,1,syn-widening-6,python.loops,loops-set-5-assisted,loops-set-5,week-5,2026-10-05T10:00:00Z,assisted,written,Synthetic explanation: range excludes the stop value.,0.85,180,2,loops-rubric-v1,true,,system,0.87
syn-widening-6-cp5-unassisted,1,syn-widening-6,python.loops,loops-set-5-unassisted,loops-set-5,week-5,2026-10-05T10:00:00Z,unassisted,written,Synthetic attempt: I summed one extra element past the stop bound.,0.48,300,0,loops-rubric-v1,true,,system,0.53
syn-narrowing-1-cp1-assisted,1,syn-narrowing-1,python.loops,loops-set-1-assisted,loops-set-1,week-1,2026-09-07T10:00:00Z,assisted,written,Synthetic explanation: range excludes the stop value.,0.85,180,2,loops-rubric-v1,true,,system,0.87
syn-narrowing-1-cp1-unassisted,1,syn-narrowing-1,python.loops,loops-set-1-unassisted,loops-set-1,week-1,2026-09-07T10:00:00Z,unassisted,written,Synthetic attempt: I included the stop value when tracing the loop.,0.42,300,0,loops-rubric-v1,true,,system,0.47
syn-narrowing-1-cp2-assisted,1,syn-narrowing-1,python.loops,loops-set-2-assisted,loops-set-2,week-2,2026-09-14T10:00:00Z,assisted,written,Synthetic explanation: range excludes the stop value.,0.85,180,2,loops-rubric-v1,true,,system,0.87
syn-narrowing-1-cp2-unassisted,1,syn-narrowing-1,python.loops,loops-set-2-unassisted,loops-set-2,week-2,2026-09-14T10:00:00Z,unassisted,written,Synthetic attempt: I traced range as if both bounds were inclusive.,0.49,300,0,loops-rubric-v1,true,,system,0.54
syn-narrowing-1-cp3-assisted,1,syn-narrowing-1,python.loops,loops-set-3-assisted,loops-set-3,week-3,2026-09-21T10:00:00Z,assisted,written,Synthetic explanation: range excludes the stop value.,0.85,180,2,loops-rubric-v1,true,,system,0.87
syn-narrowing-1-cp3-unassisted,1,syn-narrowing-1,python.loops,loops-set-3-unassisted,loops-set-3,week-3,2026-09-21T10:00:00Z,unassisted,written,Synthetic attempt: I started the loop at 1 and stopped before n.,0.56,300,0,loops-rubric-v1,true,,system,0.61
syn-narrowing-1-cp4-assisted,1,syn-narrowing-1,python.loops,loops-set-4-assisted,loops-set-4,week-4,2026-09-28T10:00:00Z,assisted,written,Synthetic explanation: range excludes the stop value.,0.85,180,2,loops-rubric-v1,true,,system,0.87
syn-narrowing-1-cp4-unassisted,1,syn-narrowing-1,python.loops,loops-set-4-unassisted,loops-set-4,week-4,2026-09-28T10:00:00Z,unassisted,written,Synthetic attempt: I summed one extra element past the stop bound.,0.63,300,0,loops-rubric-v1,true,,system,0.68
syn-narrowing-1-cp5-assisted,1,syn-narrowing-1,python.loops,loops-set-5-assisted,loops-set-5,week-5,2026-10-05T10:00:00Z,assisted,written,Synthetic explanation: range excludes the stop value.,0.85,180,2,loops-rubric-v1,true,,system,0.87
syn-narrowing-1-cp5-unassisted,1,syn-narrowing-1,python.loops,loops-set-5-unassisted,loops-set-5,week-5,2026-10-05T10:00:00Z,unassisted,written,Synthetic attempt: I included the stop value when tracing the loop.,0.7,300,0,loops-rubric-v1,true,,system,0.75
syn-narrowing-2-cp1-assisted,1,syn-narrowing-2,python.loops,loops-set-1-assisted,loops-set-1,week-1,2026-09-07T10:00:00Z,assisted,written,Synthetic explanation: range excludes the stop value.,0.85,180,2,loops-rubric-v1,true,,system,0.87
syn-narrowing-2-cp1-unassisted,1,syn-narrowing-2,python.loops,loops-set-1-unassisted,loops-set-1,week-1,2026-09-07T10:00:00Z,unassisted,written,Synthetic attempt: I included the stop value when tracing the loop.,0.44,300,0,loops-rubric-v1,true,,system,0.49
syn-narrowing-2-cp2-assisted,1,syn-narrowing-2,python.loops,loops-set-2-assisted,loops-set-2,week-2,2026-09-14T10:00:00Z,assisted,written,Synthetic explanation: range excludes the stop value.,0.85,180,2,loops-rubric-v1,true,,system,0.87
syn-narrowing-2-cp2-unassisted,1,syn-narrowing-2,python.loops,loops-set-2-unassisted,loops-set-2,week-2,2026-09-14T10:00:00Z,unassisted,written,Synthetic attempt: I traced range as if both bounds were inclusive.,0.51,300,0,loops-rubric-v1,true,,system,0.56
syn-narrowing-2-cp3-assisted,1,syn-narrowing-2,python.loops,loops-set-3-assisted,loops-set-3,week-3,2026-09-21T10:00:00Z,assisted,written,Synthetic explanation: range excludes the stop value.,0.85,180,2,loops-rubric-v1,true,,system,0.87
syn-narrowing-2-cp3-unassisted,1,syn-narrowing-2,python.loops,loops-set-3-unassisted,loops-set-3,week-3,2026-09-21T10:00:00Z,unassisted,written,Synthetic attempt: I started the loop at 1 and stopped before n.,0.58,300,0,loops-rubric-v1,true,,system,0.63
syn-narrowing-2-cp4-assisted,1,syn-narrowing-2,python.loops,loops-set-4-assisted,loops-set-4,week-4,2026-09-28T10:00:00Z,assisted,written,Synthetic explanation: range excludes the stop value.,0.85,180,2,loops-rubric-v1,true,,system,0.87
syn-narrowing-2-cp4-unassisted,1,syn-narrowing-2,python.loops,loops-set-4-unassisted,loops-set-4,week-4,2026-09-28T10:00:00Z,unassisted,written,Synthetic attempt: I summed one extra element past the stop bound.,0.65,300,0,loops-rubric-v1,true,,system,0.7
syn-narrowing-2-cp5-assisted,1,syn-narrowing-2,python.loops,loops-set-5-assisted,loops-set-5,week-5,2026-10-05T10:00:00Z,assisted,written,Synthetic explanation: range excludes the stop value.,0.85,180,2,loops-rubric-v1,true,,system,0.87
syn-narrowing-2-cp5-unassisted,1,syn-narrowing-2,python.loops,loops-set-5-unassisted,loops-set-5,week-5,2026-10-05T10:00:00Z,unassisted,written,Synthetic attempt: I included the stop value when tracing the loop.,0.72,300,0,loops-rubric-v1,true,,system,0.77
syn-narrowing-3-cp1-assisted,1,syn-narrowing-3,python.loops,loops-set-1-assisted,loops-set-1,week-1,2026-09-07T10:00:00Z,assisted,written,Synthetic explanation: range excludes the stop value.,0.85,180,2,loops-rubric-v1,true,,system,0.87
syn-narrowing-3-cp1-unassisted,1,syn-narrowing-3,python.loops,loops-set-1-unassisted,loops-set-1,week-1,2026-09-07T10:00:00Z,unassisted,written,Synthetic attempt: I included the stop value when tracing the loop.,0.46,300,0,loops-rubric-v1,true,,system,0.51
syn-narrowing-3-cp2-assisted,1,syn-narrowing-3,python.loops,loops-set-2-assisted,loops-set-2,week-2,2026-09-14T10:00:00Z,assisted,written,Synthetic explanation: range excludes the stop value.,0.85,180,2,loops-rubric-v1,true,,system,0.87
syn-narrowing-3-cp2-unassisted,1,syn-narrowing-3,python.loops,loops-set-2-unassisted,loops-set-2,week-2,2026-09-14T10:00:00Z,unassisted,written,Synthetic attempt: I traced range as if both bounds were inclusive.,0.53,300,0,loops-rubric-v1,true,,system,0.58
syn-narrowing-3-cp3-assisted,1,syn-narrowing-3,python.loops,loops-set-3-assisted,loops-set-3,week-3,2026-09-21T10:00:00Z,assisted,written,Synthetic explanation: range excludes the stop value.,0.85,180,2,loops-rubric-v1,true,,system,0.87
syn-narrowing-3-cp3-unassisted,1,syn-narrowing-3,python.loops,loops-set-3-unassisted,loops-set-3,week-3,2026-09-21T10:00:00Z,unassisted,written,Synthetic attempt: I started the loop at 1 and stopped before n.,0.6,300,0,loops-rubric-v1,true,,system,0.65
syn-narrowing-3-cp4-assisted,1,syn-narrowing-3,python.loops,loops-set-4-assisted,loops-set-4,week-4,2026-09-28T10:00:00Z,assisted,written,Synthetic explanation: range excludes the stop value.,0.85,180,2,loops-rubric-v1,true,,system,0.87
syn-narrowing-3-cp4-unassisted,1,syn-narrowing-3,python.loops,loops-set-4-unassisted,loops-set-4,week-4,2026-09-28T10:00:00Z,unassisted,written,Synthetic attempt: I summed one extra element past the stop bound.,0.67,300,0,loops-rubric-v1,true,,system,0.72
syn-narrowing-3-cp5-assisted,1,syn-narrowing-3,python.loops,loops-set-5-assisted,loops-set-5,week-5,2026-10-05T10:00:00Z,assisted,written,Synthetic explanation: range excludes the stop value.,0.85,180,2,loops-rubric-v1,true,,system,0.87
syn-narrowing-3-cp5-unassisted,1,syn-narrowing-3,python.loops,loops-set-5-unassisted,loops-set-5,week-5,2026-10-05T10:00:00Z,unassisted,written,Synthetic attempt: I included the stop value when tracing the loop.,0.74,300,0,loops-rubric-v1,true,,system,0.79
syn-narrowing-4-cp1-assisted,1,syn-narrowing-4,python.loops,loops-set-1-assisted,loops-set-1,week-1,2026-09-07T10:00:00Z,assisted,written,Synthetic explanation: range excludes the stop value.,0.85,180,2,loops-rubric-v1,true,,system,0.87
syn-narrowing-4-cp1-unassisted,1,syn-narrowing-4,python.loops,loops-set-1-unassisted,loops-set-1,week-1,2026-09-07T10:00:00Z,unassisted,written,Synthetic attempt: I included the stop value when tracing the loop.,0.42,300,0,loops-rubric-v1,true,,system,0.47
syn-narrowing-4-cp2-assisted,1,syn-narrowing-4,python.loops,loops-set-2-assisted,loops-set-2,week-2,2026-09-14T10:00:00Z,assisted,written,Synthetic explanation: range excludes the stop value.,0.85,180,2,loops-rubric-v1,true,,system,0.87
syn-narrowing-4-cp2-unassisted,1,syn-narrowing-4,python.loops,loops-set-2-unassisted,loops-set-2,week-2,2026-09-14T10:00:00Z,unassisted,written,Synthetic attempt: I traced range as if both bounds were inclusive.,0.49,300,0,loops-rubric-v1,true,,system,0.54
syn-narrowing-4-cp3-assisted,1,syn-narrowing-4,python.loops,loops-set-3-assisted,loops-set-3,week-3,2026-09-21T10:00:00Z,assisted,written,Synthetic explanation: range excludes the stop value.,0.85,180,2,loops-rubric-v1,true,,system,0.87
syn-narrowing-4-cp3-unassisted,1,syn-narrowing-4,python.loops,loops-set-3-unassisted,loops-set-3,week-3,2026-09-21T10:00:00Z,unassisted,written,Synthetic attempt: I started the loop at 1 and stopped before n.,0.56,300,0,loops-rubric-v1,true,,system,0.61
syn-narrowing-4-cp4-assisted,1,syn-narrowing-4,python.loops,loops-set-4-assisted,loops-set-4,week-4,2026-09-28T10:00:00Z,assisted,written,Synthetic explanation: range excludes the stop value.,0.85,180,2,loops-rubric-v1,true,,system,0.87
syn-narrowing-4-cp4-unassisted,1,syn-narrowing-4,python.loops,loops-set-4-unassisted,loops-set-4,week-4,2026-09-28T10:00:00Z,unassisted,written,Synthetic attempt: I summed one extra element past the stop bound.,0.63,300,0,loops-rubric-v1,true,,system,0.68
syn-narrowing-4-cp5-assisted,1,syn-narrowing-4,python.loops,loops-set-5-assisted,loops-set-5,week-5,2026-10-05T10:00:00Z,assisted,written,Synthetic explanation: range excludes the stop value.,0.85,180,2,loops-rubric-v1,true,,system,0.87
syn-narrowing-4-cp5-unassisted,1,syn-narrowing-4,python.loops,loops-set-5-unassisted,loops-set-5,week-5,2026-10-05T10:00:00Z,unassisted,written,Synthetic attempt: I included the stop value when tracing the loop.,0.7,300,0,loops-rubric-v1,true,,system,0.75
syn-narrowing-5-cp1-assisted,1,syn-narrowing-5,python.loops,loops-set-1-assisted,loops-set-1,week-1,2026-09-07T10:00:00Z,assisted,written,Synthetic explanation: range excludes the stop value.,0.85,180,2,loops-rubric-v1,true,,system,0.87
syn-narrowing-5-cp1-unassisted,1,syn-narrowing-5,python.loops,loops-set-1-unassisted,loops-set-1,week-1,2026-09-07T10:00:00Z,unassisted,written,Synthetic attempt: I included the stop value when tracing the loop.,0.44,300,0,loops-rubric-v1,true,,system,0.49
syn-narrowing-5-cp2-assisted,1,syn-narrowing-5,python.loops,loops-set-2-assisted,loops-set-2,week-2,2026-09-14T10:00:00Z,assisted,written,Synthetic explanation: range excludes the stop value.,0.85,180,2,loops-rubric-v1,true,,system,0.87
syn-narrowing-5-cp2-unassisted,1,syn-narrowing-5,python.loops,loops-set-2-unassisted,loops-set-2,week-2,2026-09-14T10:00:00Z,unassisted,written,Synthetic attempt: I traced range as if both bounds were inclusive.,0.51,300,0,loops-rubric-v1,true,,system,0.56
syn-narrowing-5-cp3-assisted,1,syn-narrowing-5,python.loops,loops-set-3-assisted,loops-set-3,week-3,2026-09-21T10:00:00Z,assisted,written,Synthetic explanation: range excludes the stop value.,0.85,180,2,loops-rubric-v1,true,,system,0.87
syn-narrowing-5-cp3-unassisted,1,syn-narrowing-5,python.loops,loops-set-3-unassisted,loops-set-3,week-3,2026-09-21T10:00:00Z,unassisted,written,Synthetic attempt: I started the loop at 1 and stopped before n.,0.58,300,0,loops-rubric-v1,true,,system,0.63
syn-narrowing-5-cp4-assisted,1,syn-narrowing-5,python.loops,loops-set-4-assisted,loops-set-4,week-4,2026-09-28T10:00:00Z,assisted,written,Synthetic explanation: range excludes the stop value.,0.85,180,2,loops-rubric-v1,true,,system,0.87
syn-narrowing-5-cp4-unassisted,1,syn-narrowing-5,python.loops,loops-set-4-unassisted,loops-set-4,week-4,2026-09-28T10:00:00Z,unassisted,written,Synthetic attempt: I summed one extra element past the stop bound.,0.65,300,0,loops-rubric-v1,true,,system,0.7
syn-narrowing-5-cp5-assisted,1,syn-narrowing-5,python.loops,loops-set-5-assisted,loops-set-5,week-5,2026-10-05T10:00:00Z,assisted,written,Synthetic explanation: range excludes the stop value.,0.85,180,2,loops-rubric-v1,true,,system,0.87
syn-narrowing-5-cp5-unassisted,1,syn-narrowing-5,python.loops,loops-set-5-unassisted,loops-set-5,week-5,2026-10-05T10:00:00Z,unassisted,written,Synthetic attempt: I included the stop value when tracing the loop.,0.72,300,0,loops-rubric-v1,true,,system,0.77
syn-narrowing-6-cp1-assisted,1,syn-narrowing-6,python.loops,loops-set-1-assisted,loops-set-1,week-1,2026-09-07T10:00:00Z,assisted,written,Synthetic explanation: range excludes the stop value.,0.85,180,2,loops-rubric-v1,true,,system,0.87
syn-narrowing-6-cp1-unassisted,1,syn-narrowing-6,python.loops,loops-set-1-unassisted,loops-set-1,week-1,2026-09-07T10:00:00Z,unassisted,written,Synthetic attempt: I included the stop value when tracing the loop.,0.46,300,0,loops-rubric-v1,true,,system,0.51
syn-narrowing-6-cp2-assisted,1,syn-narrowing-6,python.loops,loops-set-2-assisted,loops-set-2,week-2,2026-09-14T10:00:00Z,assisted,written,Synthetic explanation: range excludes the stop value.,0.85,180,2,loops-rubric-v1,true,,system,0.87
syn-narrowing-6-cp2-unassisted,1,syn-narrowing-6,python.loops,loops-set-2-unassisted,loops-set-2,week-2,2026-09-14T10:00:00Z,unassisted,written,Synthetic attempt: I traced range as if both bounds were inclusive.,0.53,300,0,loops-rubric-v1,true,,system,0.58
syn-narrowing-6-cp3-assisted,1,syn-narrowing-6,python.loops,loops-set-3-assisted,loops-set-3,week-3,2026-09-21T10:00:00Z,assisted,written,Synthetic explanation: range excludes the stop value.,0.85,180,2,loops-rubric-v1,true,,system,0.87
syn-narrowing-6-cp3-unassisted,1,syn-narrowing-6,python.loops,loops-set-3-unassisted,loops-set-3,week-3,2026-09-21T10:00:00Z,unassisted,written,Synthetic attempt: I started the loop at 1 and stopped before n.,0.6,300,0,loops-rubric-v1,true,,system,0.65
syn-narrowing-6-cp4-assisted,1,syn-narrowing-6,python.loops,loops-set-4-assisted,loops-set-4,week-4,2026-09-28T10:00:00Z,assisted,written,Synthetic explanation: range excludes the stop value.,0.85,180,2,loops-rubric-v1,true,,system,0.87
syn-narrowing-6-cp4-unassisted,1,syn-narrowing-6,python.loops,loops-set-4-unassisted,loops-set-4,week-4,2026-09-28T10:00:00Z,unassisted,written,Synthetic attempt: I summed one extra element past the stop bound.,0.67,300,0,loops-rubric-v1,true,,system,0.72
syn-narrowing-6-cp5-assisted,1,syn-narrowing-6,python.loops,loops-set-5-assisted,loops-set-5,week-5,2026-10-05T10:00:00Z,assisted,written,Synthetic explanation: range excludes the stop value.,0.85,180,2,loops-rubric-v1,true,,system,0.87
syn-narrowing-6-cp5-unassisted,1,syn-narrowing-6,python.loops,loops-set-5-unassisted,loops-set-5,week-5,2026-10-05T10:00:00Z,unassisted,written,Synthetic attempt: I included the stop value when tracing the loop.,0.74,300,0,loops-rubric-v1,true,,system,0.79
syn-stable-1-cp1-assisted,1,syn-stable-1,python.loops,loops-set-1-assisted,loops-set-1,week-1,2026-09-07T10:00:00Z,assisted,written,Synthetic explanation: range excludes the stop value.,0.85,180,2,loops-rubric-v1,true,,system,0.87
syn-stable-1-cp1-unassisted,1,syn-stable-1,python.loops,loops-set-1-unassisted,loops-set-1,week-1,2026-09-07T10:00:00Z,unassisted,written,Synthetic attempt: I traced range as if both bounds were inclusive.,0.66,300,0,loops-rubric-v1,true,,system,0.71
syn-stable-1-cp2-assisted,1,syn-stable-1,python.loops,loops-set-2-assisted,loops-set-2,week-2,2026-09-14T10:00:00Z,assisted,written,Synthetic explanation: range excludes the stop value.,0.85,180,2,loops-rubric-v1,true,,system,0.87
syn-stable-1-cp2-unassisted,1,syn-stable-1,python.loops,loops-set-2-unassisted,loops-set-2,week-2,2026-09-14T10:00:00Z,unassisted,written,Synthetic attempt: I started the loop at 1 and stopped before n.,0.66,300,0,loops-rubric-v1,true,,system,0.71
syn-stable-1-cp3-assisted,1,syn-stable-1,python.loops,loops-set-3-assisted,loops-set-3,week-3,2026-09-21T10:00:00Z,assisted,written,Synthetic explanation: range excludes the stop value.,0.85,180,2,loops-rubric-v1,true,,system,0.87
syn-stable-1-cp3-unassisted,1,syn-stable-1,python.loops,loops-set-3-unassisted,loops-set-3,week-3,2026-09-21T10:00:00Z,unassisted,written,Synthetic attempt: I summed one extra element past the stop bound.,0.66,300,0,loops-rubric-v1,true,,system,0.71
syn-stable-1-cp4-assisted,1,syn-stable-1,python.loops,loops-set-4-assisted,loops-set-4,week-4,2026-09-28T10:00:00Z,assisted,written,Synthetic explanation: range excludes the stop value.,0.85,180,2,loops-rubric-v1,true,,system,0.87
syn-stable-1-cp4-unassisted,1,syn-stable-1,python.loops,loops-set-4-unassisted,loops-set-4,week-4,2026-09-28T10:00:00Z,unassisted,written,Synthetic attempt: I included the stop value when tracing the loop.,0.66,300,0,loops-rubric-v1,true,,system,0.71
syn-stable-1-cp5-assisted,1,syn-stable-1,python.loops,loops-set-5-assisted,loops-set-5,week-5,2026-10-05T10:00:00Z,assisted,written,Synthetic explanation: range excludes the stop value.,0.85,180,2,loops-rubric-v1,true,,system,0.87
syn-stable-1-cp5-unassisted,1,syn-stable-1,python.loops,loops-set-5-unassisted,loops-set-5,week-5,2026-10-05T10:00:00Z,unassisted,written,Synthetic attempt: I traced range as if both bounds were inclusive.,0.66,300,0,loops-rubric-v1,true,,system,0.71
syn-stable-2-cp1-assisted,1,syn-stable-2,python.loops,loops-set-1-assisted,loops-set-1,week-1,2026-09-07T10:00:00Z,assisted,written,Synthetic explanation: range excludes the stop value.,0.85,180,2,loops-rubric-v1,true,,system,0.87
syn-stable-2-cp1-unassisted,1,syn-stable-2,python.loops,loops-set-1-unassisted,loops-set-1,week-1,2026-09-07T10:00:00Z,unassisted,written,Synthetic attempt: I traced range as if both bounds were inclusive.,0.69,300,0,loops-rubric-v1,true,,system,0.74
syn-stable-2-cp2-assisted,1,syn-stable-2,python.loops,loops-set-2-assisted,loops-set-2,week-2,2026-09-14T10:00:00Z,assisted,written,Synthetic explanation: range excludes the stop value.,0.85,180,2,loops-rubric-v1,true,,system,0.87
syn-stable-2-cp2-unassisted,1,syn-stable-2,python.loops,loops-set-2-unassisted,loops-set-2,week-2,2026-09-14T10:00:00Z,unassisted,written,Synthetic attempt: I started the loop at 1 and stopped before n.,0.69,300,0,loops-rubric-v1,true,,system,0.74
syn-stable-2-cp3-assisted,1,syn-stable-2,python.loops,loops-set-3-assisted,loops-set-3,week-3,2026-09-21T10:00:00Z,assisted,written,Synthetic explanation: range excludes the stop value.,0.85,180,2,loops-rubric-v1,true,,system,0.87
syn-stable-2-cp3-unassisted,1,syn-stable-2,python.loops,loops-set-3-unassisted,loops-set-3,week-3,2026-09-21T10:00:00Z,unassisted,written,Synthetic attempt: I summed one extra element past the stop bound.,0.69,300,0,loops-rubric-v1,true,,system,0.74
syn-stable-2-cp4-assisted,1,syn-stable-2,python.loops,loops-set-4-assisted,loops-set-4,week-4,2026-09-28T10:00:00Z,assisted,written,Synthetic explanation: range excludes the stop value.,0.85,180,2,loops-rubric-v1,true,,system,0.87
syn-stable-2-cp4-unassisted,1,syn-stable-2,python.loops,loops-set-4-unassisted,loops-set-4,week-4,2026-09-28T10:00:00Z,unassisted,written,Synthetic attempt: I included the stop value when tracing the loop.,0.69,300,0,loops-rubric-v1,true,,system,0.74
syn-stable-2-cp5-assisted,1,syn-stable-2,python.loops,loops-set-5-assisted,loops-set-5,week-5,2026-10-05T10:00:00Z,assisted,written,Synthetic explanation: range excludes the stop value.,0.85,180,2,loops-rubric-v1,true,,system,0.87
syn-stable-2-cp5-unassisted,1,syn-stable-2,python.loops,loops-set-5-unassisted,loops-set-5,week-5,2026-10-05T10:00:00Z,unassisted,written,Synthetic attempt: I traced range as if both bounds were inclusive.,0.69,300,0,loops-rubric-v1,true,,system,0.74
syn-stable-3-cp1-assisted,1,syn-stable-3,python.loops,loops-set-1-assisted,loops-set-1,week-1,2026-09-07T10:00:00Z,assisted,written,Synthetic explanation: range excludes the stop value.,0.85,180,2,loops-rubric-v1,true,,system,0.87
syn-stable-3-cp1-unassisted,1,syn-stable-3,python.loops,loops-set-1-unassisted,loops-set-1,week-1,2026-09-07T10:00:00Z,unassisted,written,Synthetic attempt: I traced range as if both bounds were inclusive.,0.72,300,0,loops-rubric-v1,true,,system,0.77
syn-stable-3-cp2-assisted,1,syn-stable-3,python.loops,loops-set-2-assisted,loops-set-2,week-2,2026-09-14T10:00:00Z,assisted,written,Synthetic explanation: range excludes the stop value.,0.85,180,2,loops-rubric-v1,true,,system,0.87
syn-stable-3-cp2-unassisted,1,syn-stable-3,python.loops,loops-set-2-unassisted,loops-set-2,week-2,2026-09-14T10:00:00Z,unassisted,written,Synthetic attempt: I started the loop at 1 and stopped before n.,0.72,300,0,loops-rubric-v1,true,,system,0.77
syn-stable-3-cp3-assisted,1,syn-stable-3,python.loops,loops-set-3-assisted,loops-set-3,week-3,2026-09-21T10:00:00Z,assisted,written,Synthetic explanation: range excludes the stop value.,0.85,180,2,loops-rubric-v1,true,,system,0.87
syn-stable-3-cp3-unassisted,1,syn-stable-3,python.loops,loops-set-3-unassisted,loops-set-3,week-3,2026-09-21T10:00:00Z,unassisted,written,Synthetic attempt: I summed one extra element past the stop bound.,0.72,300,0,loops-rubric-v1,true,,system,0.77
syn-stable-3-cp4-assisted,1,syn-stable-3,python.loops,loops-set-4-assisted,loops-set-4,week-4,2026-09-28T10:00:00Z,assisted,written,Synthetic explanation: range excludes the stop value.,0.85,180,2,loops-rubric-v1,true,,system,0.87
syn-stable-3-cp4-unassisted,1,syn-stable-3,python.loops,loops-set-4-unassisted,loops-set-4,week-4,2026-09-28T10:00:00Z,unassisted,written,Synthetic attempt: I included the stop value when tracing the loop.,0.72,300,0,loops-rubric-v1,true,,system,0.77
syn-stable-3-cp5-assisted,1,syn-stable-3,python.loops,loops-set-5-assisted,loops-set-5,week-5,2026-10-05T10:00:00Z,assisted,written,Synthetic explanation: range excludes the stop value.,0.85,180,2,loops-rubric-v1,true,,system,0.87
syn-stable-3-cp5-unassisted,1,syn-stable-3,python.loops,loops-set-5-unassisted,loops-set-5,week-5,2026-10-05T10:00:00Z,unassisted,written,Synthetic attempt: I traced range as if both bounds were inclusive.,0.72,300,0,loops-rubric-v1,true,,system,0.77
syn-stable-4-cp1-assisted,1,syn-stable-4,python.loops,loops-set-1-assisted,loops-set-1,week-1,2026-09-07T10:00:00Z,assisted,written,Synthetic explanation: range excludes the stop value.,0.85,180,2,loops-rubric-v1,true,,system,0.87
syn-stable-4-cp1-unassisted,1,syn-stable-4,python.loops,loops-set-1-unassisted,loops-set-1,week-1,2026-09-07T10:00:00Z,unassisted,written,Synthetic attempt: I traced range as if both bounds were inclusive.,0.75,300,0,loops-rubric-v1,true,,system,0.8
syn-stable-4-cp2-assisted,1,syn-stable-4,python.loops,loops-set-2-assisted,loops-set-2,week-2,2026-09-14T10:00:00Z,assisted,written,Synthetic explanation: range excludes the stop value.,0.85,180,2,loops-rubric-v1,true,,system,0.87
syn-stable-4-cp2-unassisted,1,syn-stable-4,python.loops,loops-set-2-unassisted,loops-set-2,week-2,2026-09-14T10:00:00Z,unassisted,written,Synthetic attempt: I started the loop at 1 and stopped before n.,0.75,300,0,loops-rubric-v1,true,,system,0.8
syn-stable-4-cp3-assisted,1,syn-stable-4,python.loops,loops-set-3-assisted,loops-set-3,week-3,2026-09-21T10:00:00Z,assisted,written,Synthetic explanation: range excludes the stop value.,0.85,180,2,loops-rubric-v1,true,,system,0.87
syn-stable-4-cp3-unassisted,1,syn-stable-4,python.loops,loops-set-3-unassisted,loops-set-3,week-3,2026-09-21T10:00:00Z,unassisted,written,Synthetic attempt: I summed one extra element past the stop bound.,0.75,300,0,loops-rubric-v1,true,,system,0.8
syn-stable-4-cp4-assisted,1,syn-stable-4,python.loops,loops-set-4-assisted,loops-set-4,week-4,2026-09-28T10:00:00Z,assisted,written,Synthetic explanation: range excludes the stop value.,0.85,180,2,loops-rubric-v1,true,,system,0.87
syn-stable-4-cp4-unassisted,1,syn-stable-4,python.loops,loops-set-4-unassisted,loops-set-4,week-4,2026-09-28T10:00:00Z,unassisted,written,Synthetic attempt: I included the stop value when tracing the loop.,0.75,300,0,loops-rubric-v1,true,,system,0.8
syn-stable-4-cp5-assisted,1,syn-stable-4,python.loops,loops-set-5-assisted,loops-set-5,week-5,2026-10-05T10:00:00Z,assisted,written,Synthetic explanation: range excludes the stop value.,0.85,180,2,loops-rubric-v1,true,,system,0.87
syn-stable-4-cp5-unassisted,1,syn-stable-4,python.loops,loops-set-5-unassisted,loops-set-5,week-5,2026-10-05T10:00:00Z,unassisted,written,Synthetic attempt: I traced range as if both bounds were inclusive.,0.75,300,0,loops-rubric-v1,true,,system,0.8
syn-contradictory-1-cp1-assisted,1,syn-contradictory-1,python.loops,loops-set-1-assisted,loops-set-1,week-1,2026-09-07T10:00:00Z,assisted,written,Synthetic explanation: range excludes the stop value.,0.85,180,2,loops-rubric-v1,true,,system,0.87
syn-contradictory-1-cp1-unassisted,1,syn-contradictory-1,python.loops,loops-set-1-unassisted,loops-set-1,week-1,2026-09-07T10:00:00Z,unassisted,written,Synthetic attempt: I included the stop value when tracing the loop.,0.7,300,0,loops-rubric-v1,true,,system,0.75
syn-contradictory-1-cp2-assisted,1,syn-contradictory-1,python.loops,loops-set-2-assisted,loops-set-2,week-2,2026-09-14T10:00:00Z,assisted,written,Synthetic explanation: range excludes the stop value.,0.85,180,2,loops-rubric-v1,true,,system,0.87
syn-contradictory-1-cp2-unassisted,1,syn-contradictory-1,python.loops,loops-set-2-unassisted,loops-set-2,week-2,2026-09-14T10:00:00Z,unassisted,written,Synthetic attempt: I traced range as if both bounds were inclusive.,0.55,300,0,loops-rubric-v1,true,,system,0.6
syn-contradictory-1-cp3-assisted,1,syn-contradictory-1,python.loops,loops-set-3-assisted,loops-set-3,week-3,2026-09-21T10:00:00Z,assisted,written,Synthetic explanation: range excludes the stop value.,0.85,180,2,loops-rubric-v1,true,,system,0.87
syn-contradictory-1-cp3-unassisted,1,syn-contradictory-1,python.loops,loops-set-3-unassisted,loops-set-3,week-3,2026-09-21T10:00:00Z,unassisted,written,Synthetic attempt: I started the loop at 1 and stopped before n.,0.72,300,0,loops-rubric-v1,true,,system,0.77
syn-contradictory-1-cp4-assisted,1,syn-contradictory-1,python.loops,loops-set-4-assisted,loops-set-4,week-4,2026-09-28T10:00:00Z,assisted,written,Synthetic explanation: range excludes the stop value.,0.85,180,2,loops-rubric-v1,true,,system,0.87
syn-contradictory-1-cp4-unassisted,1,syn-contradictory-1,python.loops,loops-set-4-unassisted,loops-set-4,week-4,2026-09-28T10:00:00Z,unassisted,written,Synthetic attempt: I summed one extra element past the stop bound.,0.5,300,0,loops-rubric-v1,true,,system,0.55
syn-contradictory-1-cp5-assisted,1,syn-contradictory-1,python.loops,loops-set-5-assisted,loops-set-5,week-5,2026-10-05T10:00:00Z,assisted,written,Synthetic explanation: range excludes the stop value.,0.85,180,2,loops-rubric-v1,true,,system,0.87
syn-contradictory-1-cp5-unassisted,1,syn-contradictory-1,python.loops,loops-set-5-unassisted,loops-set-5,week-5,2026-10-05T10:00:00Z,unassisted,written,Synthetic attempt: I included the stop value when tracing the loop.,0.68,300,0,loops-rubric-v1,true,,system,0.73
syn-contradictory-2-cp1-assisted,1,syn-contradictory-2,python.loops,loops-set-1-assisted,loops-set-1,week-1,2026-09-07T10:00:00Z,assisted,written,Synthetic explanation: range excludes the stop value.,0.85,180,2,loops-rubric-v1,true,,system,0.87
syn-contradictory-2-cp1-unassisted,1,syn-contradictory-2,python.loops,loops-set-1-unassisted,loops-set-1,week-1,2026-09-07T10:00:00Z,unassisted,written,Synthetic attempt: I included the stop value when tracing the loop.,0.55,300,0,loops-rubric-v1,true,,system,0.6
syn-contradictory-2-cp2-assisted,1,syn-contradictory-2,python.loops,loops-set-2-assisted,loops-set-2,week-2,2026-09-14T10:00:00Z,assisted,written,Synthetic explanation: range excludes the stop value.,0.85,180,2,loops-rubric-v1,true,,system,0.87
syn-contradictory-2-cp2-unassisted,1,syn-contradictory-2,python.loops,loops-set-2-unassisted,loops-set-2,week-2,2026-09-14T10:00:00Z,unassisted,written,Synthetic attempt: I traced range as if both bounds were inclusive.,0.72,300,0,loops-rubric-v1,true,,system,0.77
syn-contradictory-2-cp3-assisted,1,syn-contradictory-2,python.loops,loops-set-3-assisted,loops-set-3,week-3,2026-09-21T10:00:00Z,assisted,written,Synthetic explanation: range excludes the stop value.,0.85,180,2,loops-rubric-v1,true,,system,0.87
syn-contradictory-2-cp3-unassisted,1,syn-contradictory-2,python.loops,loops-set-3-unassisted,loops-set-3,week-3,2026-09-21T10:00:00Z,unassisted,written,Synthetic attempt: I started the loop at 1 and stopped before n.,0.5,300,0,loops-rubric-v1,true,,system,0.55
syn-contradictory-2-cp4-assisted,1,syn-contradictory-2,python.loops,loops-set-4-assisted,loops-set-4,week-4,2026-09-28T10:00:00Z,assisted,written,Synthetic explanation: range excludes the stop value.,0.85,180,2,loops-rubric-v1,true,,system,0.87
syn-contradictory-2-cp4-unassisted,1,syn-contradictory-2,python.loops,loops-set-4-unassisted,loops-set-4,week-4,2026-09-28T10:00:00Z,unassisted,written,Synthetic attempt: I summed one extra element past the stop bound.,0.68,300,0,loops-rubric-v1,true,,system,0.73
syn-contradictory-2-cp5-assisted,1,syn-contradictory-2,python.loops,loops-set-5-assisted,loops-set-5,week-5,2026-10-05T10:00:00Z,assisted,written,Synthetic explanation: range excludes the stop value.,0.85,180,2,loops-rubric-v1,true,,system,0.87
syn-contradictory-2-cp5-unassisted,1,syn-contradictory-2,python.loops,loops-set-5-unassisted,loops-set-5,week-5,2026-10-05T10:00:00Z,unassisted,written,Synthetic attempt: I included the stop value when tracing the loop.,0.7,300,0,loops-rubric-v1,true,,system,0.75
syn-insufficient-1-cp1-assisted,1,syn-insufficient-1,python.loops,loops-set-1-assisted,loops-set-1,week-1,2026-09-07T10:00:00Z,assisted,written,Synthetic explanation: range excludes the stop value.,0.85,180,2,loops-rubric-v1,true,,system,0.87
syn-insufficient-1-cp1-unassisted,1,syn-insufficient-1,python.loops,loops-set-1-unassisted,loops-set-1,week-1,2026-09-07T10:00:00Z,unassisted,written,Synthetic attempt: I summed one extra element past the stop bound.,0.72,300,0,loops-rubric-v1,true,,system,0.77
syn-insufficient-1-cp2-assisted,1,syn-insufficient-1,python.loops,loops-set-2-assisted,loops-set-2,week-2,2026-09-14T10:00:00Z,assisted,written,Synthetic explanation: range excludes the stop value.,0.85,180,2,loops-rubric-v1,true,,system,0.87
syn-insufficient-1-cp2-unassisted,1,syn-insufficient-1,python.loops,loops-set-2-unassisted,loops-set-2,week-2,2026-09-14T10:00:00Z,unassisted,written,Synthetic attempt: I included the stop value when tracing the loop.,0.7,300,0,loops-rubric-v1,true,,system,0.75
syn-insufficient-2-cp1-assisted,1,syn-insufficient-2,python.loops,loops-set-1-assisted,loops-set-1,week-1,2026-09-07T10:00:00Z,assisted,written,Synthetic explanation: range excludes the stop value.,0.85,180,2,loops-rubric-v1,true,,system,0.87
syn-insufficient-2-cp1-unassisted,1,syn-insufficient-2,python.loops,loops-set-1-unassisted,loops-set-1,week-1,2026-09-07T10:00:00Z,unassisted,written,Synthetic attempt: I summed one extra element past the stop bound.,0.69,300,0,loops-rubric-v1,true,,system,0.74
syn-insufficient-2-cp2-assisted,1,syn-insufficient-2,python.loops,loops-set-2-assisted,loops-set-2,week-2,2026-09-14T10:00:00Z,assisted,written,Synthetic explanation: range excludes the stop value.,0.85,180,2,loops-rubric-v1,true,,system,0.87
syn-insufficient-2-cp2-unassisted,1,syn-insufficient-2,python.loops,loops-set-2-unassisted,loops-set-2,week-2,2026-09-14T10:00:00Z,unassisted,written,Synthetic attempt: I included the stop value when tracing the loop.,0.67,300,0,loops-rubric-v1,true,,system,0.72
syn-expanded-widening-1-cp1-assisted,1,syn-expanded-widening-1,python.loops,loops-set-1-assisted,loops-set-1,week-1,2026-09-07T10:00:00Z,assisted,written,Synthetic explanation: range excludes the stop value.,0.85,180,2,loops-rubric-v1,true,,system,0.87
syn-expanded-widening-1-cp1-unassisted,1,syn-expanded-widening-1,python.loops,loops-set-1-unassisted,loops-set-1,week-1,2026-09-07T10:00:00Z,unassisted,written,Synthetic attempt: I included the stop value when tracing the loop.,0.74,300,0,loops-rubric-v1,true,,system,0.79
syn-expanded-widening-1-cp2-assisted,1,syn-expanded-widening-1,python.loops,loops-set-2-assisted,loops-set-2,week-2,2026-09-14T10:00:00Z,assisted,written,Synthetic explanation: range excludes the stop value.,0.85,180,2,loops-rubric-v1,true,,system,0.87
syn-expanded-widening-1-cp2-unassisted,1,syn-expanded-widening-1,python.loops,loops-set-2-unassisted,loops-set-2,week-2,2026-09-14T10:00:00Z,unassisted,written,Synthetic attempt: I traced range as if both bounds were inclusive.,0.67,300,0,loops-rubric-v1,true,,system,0.72
syn-expanded-widening-1-cp3-assisted,1,syn-expanded-widening-1,python.loops,loops-set-3-assisted,loops-set-3,week-3,2026-09-21T10:00:00Z,assisted,written,Synthetic explanation: range excludes the stop value.,0.85,180,2,loops-rubric-v1,true,,system,0.87
syn-expanded-widening-1-cp3-unassisted,1,syn-expanded-widening-1,python.loops,loops-set-3-unassisted,loops-set-3,week-3,2026-09-21T10:00:00Z,unassisted,written,Synthetic attempt: I started the loop at 1 and stopped before n.,0.6,300,0,loops-rubric-v1,true,,system,0.65
syn-expanded-widening-1-cp4-assisted,1,syn-expanded-widening-1,python.loops,loops-set-4-assisted,loops-set-4,week-4,2026-09-28T10:00:00Z,assisted,written,Synthetic explanation: range excludes the stop value.,0.85,180,2,loops-rubric-v1,true,,system,0.87
syn-expanded-widening-1-cp4-unassisted,1,syn-expanded-widening-1,python.loops,loops-set-4-unassisted,loops-set-4,week-4,2026-09-28T10:00:00Z,unassisted,written,Synthetic attempt: I summed one extra element past the stop bound.,0.53,300,0,loops-rubric-v1,true,,system,0.58
syn-expanded-widening-1-cp5-assisted,1,syn-expanded-widening-1,python.loops,loops-set-5-assisted,loops-set-5,week-5,2026-10-05T10:00:00Z,assisted,written,Synthetic explanation: range excludes the stop value.,0.85,180,2,loops-rubric-v1,true,,system,0.87
syn-expanded-widening-1-cp5-unassisted,1,syn-expanded-widening-1,python.loops,loops-set-5-unassisted,loops-set-5,week-5,2026-10-05T10:00:00Z,unassisted,written,Synthetic attempt: I included the stop value when tracing the loop.,0.46,300,0,loops-rubric-v1,true,,system,0.51
syn-expanded-widening-1-cp6-assisted,1,syn-expanded-widening-1,python.loops,loops-set-6-assisted,loops-set-6,week-6,2026-10-12T10:00:00Z,assisted,written,Synthetic explanation: range excludes the stop value.,0.85,180,2,loops-rubric-v1,true,,system,0.87
syn-expanded-widening-1-cp6-unassisted,1,syn-expanded-widening-1,python.loops,loops-set-6-unassisted,loops-set-6,week-6,2026-10-12T10:00:00Z,unassisted,written,Synthetic attempt: I traced range as if both bounds were inclusive.,0.39,300,0,loops-rubric-v1,true,,system,0.44
syn-expanded-widening-1-cp7-assisted,1,syn-expanded-widening-1,python.loops,loops-set-7-assisted,loops-set-7,week-7,2026-10-19T10:00:00Z,assisted,written,Synthetic explanation: range excludes the stop value.,0.85,180,2,loops-rubric-v1,true,,system,0.87
syn-expanded-widening-1-cp7-unassisted,1,syn-expanded-widening-1,python.loops,loops-set-7-unassisted,loops-set-7,week-7,2026-10-19T10:00:00Z,unassisted,written,Synthetic attempt: I started the loop at 1 and stopped before n.,0.32,300,0,loops-rubric-v1,true,,system,0.37
syn-expanded-widening-2-cp1-assisted,1,syn-expanded-widening-2,python.loops,loops-set-1-assisted,loops-set-1,week-1,2026-09-07T10:00:00Z,assisted,written,Synthetic explanation: range excludes the stop value.,0.85,180,2,loops-rubric-v1,true,,system,0.87
syn-expanded-widening-2-cp1-unassisted,1,syn-expanded-widening-2,python.loops,loops-set-1-unassisted,loops-set-1,week-1,2026-09-07T10:00:00Z,unassisted,written,Synthetic attempt: I included the stop value when tracing the loop.,0.72,300,0,loops-rubric-v1,true,,system,0.77
syn-expanded-widening-2-cp2-assisted,1,syn-expanded-widening-2,python.loops,loops-set-2-assisted,loops-set-2,week-2,2026-09-14T10:00:00Z,assisted,written,Synthetic explanation: range excludes the stop value.,0.85,180,2,loops-rubric-v1,true,,system,0.87
syn-expanded-widening-2-cp2-unassisted,1,syn-expanded-widening-2,python.loops,loops-set-2-unassisted,loops-set-2,week-2,2026-09-14T10:00:00Z,unassisted,written,Synthetic attempt: I traced range as if both bounds were inclusive.,0.65,300,0,loops-rubric-v1,true,,system,0.7
syn-expanded-widening-2-cp3-assisted,1,syn-expanded-widening-2,python.loops,loops-set-3-assisted,loops-set-3,week-3,2026-09-21T10:00:00Z,assisted,written,Synthetic explanation: range excludes the stop value.,0.85,180,2,loops-rubric-v1,true,,system,0.87
syn-expanded-widening-2-cp3-unassisted,1,syn-expanded-widening-2,python.loops,loops-set-3-unassisted,loops-set-3,week-3,2026-09-21T10:00:00Z,unassisted,written,Synthetic attempt: I started the loop at 1 and stopped before n.,0.58,300,0,loops-rubric-v1,true,,system,0.63
syn-expanded-widening-2-cp4-assisted,1,syn-expanded-widening-2,python.loops,loops-set-4-assisted,loops-set-4,week-4,2026-09-28T10:00:00Z,assisted,written,Synthetic explanation: range excludes the stop value.,0.85,180,2,loops-rubric-v1,true,,system,0.87
syn-expanded-widening-2-cp4-unassisted,1,syn-expanded-widening-2,python.loops,loops-set-4-unassisted,loops-set-4,week-4,2026-09-28T10:00:00Z,unassisted,written,Synthetic attempt: I summed one extra element past the stop bound.,0.51,300,0,loops-rubric-v1,true,,system,0.56
syn-expanded-widening-2-cp5-assisted,1,syn-expanded-widening-2,python.loops,loops-set-5-assisted,loops-set-5,week-5,2026-10-05T10:00:00Z,assisted,written,Synthetic explanation: range excludes the stop value.,0.85,180,2,loops-rubric-v1,true,,system,0.87
syn-expanded-widening-2-cp5-unassisted,1,syn-expanded-widening-2,python.loops,loops-set-5-unassisted,loops-set-5,week-5,2026-10-05T10:00:00Z,unassisted,written,Synthetic attempt: I included the stop value when tracing the loop.,0.44,300,0,loops-rubric-v1,true,,system,0.49
syn-expanded-widening-3-cp1-assisted,1,syn-expanded-widening-3,python.loops,loops-set-1-assisted,loops-set-1,week-1,2026-09-07T10:00:00Z,assisted,written,Synthetic explanation: range excludes the stop value.,0.85,180,2,loops-rubric-v1,true,,system,0.87
syn-expanded-widening-3-cp1-unassisted,1,syn-expanded-widening-3,python.loops,loops-set-1-unassisted,loops-set-1,week-1,2026-09-07T10:00:00Z,unassisted,written,Synthetic attempt: I included the stop value when tracing the loop.,0.78,300,0,loops-rubric-v1,true,,system,0.83
syn-expanded-widening-3-cp2-assisted,1,syn-expanded-widening-3,python.loops,loops-set-2-assisted,loops-set-2,week-2,2026-09-14T10:00:00Z,assisted,written,Synthetic explanation: range excludes the stop value.,0.85,180,2,loops-rubric-v1,true,,system,0.87
syn-expanded-widening-3-cp2-unassisted,1,syn-expanded-widening-3,python.loops,loops-set-2-unassisted,loops-set-2,week-2,2026-09-14T10:00:00Z,unassisted,written,Synthetic attempt: I traced range as if both bounds were inclusive.,0.71,300,0,loops-rubric-v1,true,,system,0.76
syn-expanded-widening-3-cp3-assisted,1,syn-expanded-widening-3,python.loops,loops-set-3-assisted,loops-set-3,week-3,2026-09-21T10:00:00Z,assisted,written,Synthetic explanation: range excludes the stop value.,0.85,180,2,loops-rubric-v1,true,,system,0.87
syn-expanded-widening-3-cp3-unassisted,1,syn-expanded-widening-3,python.loops,loops-set-3-unassisted,loops-set-3,week-3,2026-09-21T10:00:00Z,unassisted,written,Synthetic attempt: I started the loop at 1 and stopped before n.,0.64,300,0,loops-rubric-v1,true,,system,0.69
syn-expanded-widening-3-cp4-assisted,1,syn-expanded-widening-3,python.loops,loops-set-4-assisted,loops-set-4,week-4,2026-09-28T10:00:00Z,assisted,written,Synthetic explanation: range excludes the stop value.,0.85,180,2,loops-rubric-v1,true,,system,0.87
syn-expanded-widening-3-cp4-unassisted,1,syn-expanded-widening-3,python.loops,loops-set-4-unassisted,loops-set-4,week-4,2026-09-28T10:00:00Z,unassisted,written,Synthetic attempt: I summed one extra element past the stop bound.,0.57,300,0,loops-rubric-v1,true,,system,0.62
syn-expanded-widening-3-cp5-assisted,1,syn-expanded-widening-3,python.loops,loops-set-5-assisted,loops-set-5,week-5,2026-10-05T10:00:00Z,assisted,written,Synthetic explanation: range excludes the stop value.,0.85,180,2,loops-rubric-v1,true,,system,0.87
syn-expanded-widening-3-cp5-unassisted,1,syn-expanded-widening-3,python.loops,loops-set-5-unassisted,loops-set-5,week-5,2026-10-05T10:00:00Z,unassisted,written,Synthetic attempt: I included the stop value when tracing the loop.,0.5,300,0,loops-rubric-v1,true,,system,0.55
syn-expanded-widening-4-cp1-assisted,1,syn-expanded-widening-4,python.loops,loops-set-1-assisted,loops-set-1,week-1,2026-09-07T10:00:00Z,assisted,written,Synthetic explanation: range excludes the stop value.,0.85,180,2,loops-rubric-v1,true,,system,0.87
syn-expanded-widening-4-cp1-unassisted,1,syn-expanded-widening-4,python.loops,loops-set-1-unassisted,loops-set-1,week-1,2026-09-07T10:00:00Z,unassisted,written,Synthetic attempt: I included the stop value when tracing the loop.,0.76,300,0,loops-rubric-v1,true,,system,0.81
syn-expanded-widening-4-cp2-assisted,1,syn-expanded-widening-4,python.loops,loops-set-2-assisted,loops-set-2,week-2,2026-09-14T10:00:00Z,assisted,written,Synthetic explanation: range excludes the stop value.,0.85,180,2,loops-rubric-v1,true,,system,0.87
syn-expanded-widening-4-cp2-unassisted,1,syn-expanded-widening-4,python.loops,loops-set-2-unassisted,loops-set-2,week-2,2026-09-14T10:00:00Z,unassisted,written,Synthetic attempt: I traced range as if both bounds were inclusive.,0.69,300,0,loops-rubric-v1,true,,system,0.74
syn-expanded-widening-4-cp3-assisted,1,syn-expanded-widening-4,python.loops,loops-set-3-assisted,loops-set-3,week-3,2026-09-21T10:00:00Z,assisted,written,Synthetic explanation: range excludes the stop value.,0.85,180,2,loops-rubric-v1,true,,system,0.87
syn-expanded-widening-4-cp3-unassisted,1,syn-expanded-widening-4,python.loops,loops-set-3-unassisted,loops-set-3,week-3,2026-09-21T10:00:00Z,unassisted,written,Synthetic attempt: I started the loop at 1 and stopped before n.,0.62,300,0,loops-rubric-v1,true,,system,0.67
syn-expanded-widening-4-cp4-assisted,1,syn-expanded-widening-4,python.loops,loops-set-4-assisted,loops-set-4,week-4,2026-09-28T10:00:00Z,assisted,written,Synthetic explanation: range excludes the stop value.,0.85,180,2,loops-rubric-v1,true,,system,0.87
syn-expanded-widening-4-cp4-unassisted,1,syn-expanded-widening-4,python.loops,loops-set-4-unassisted,loops-set-4,week-4,2026-09-28T10:00:00Z,unassisted,written,Synthetic attempt: I summed one extra element past the stop bound.,0.55,300,0,loops-rubric-v1,true,,system,0.6
syn-expanded-widening-4-cp5-assisted,1,syn-expanded-widening-4,python.loops,loops-set-5-assisted,loops-set-5,week-5,2026-10-05T10:00:00Z,assisted,written,Synthetic explanation: range excludes the stop value.,0.85,180,2,loops-rubric-v1,true,,system,0.87
syn-expanded-widening-4-cp5-unassisted,1,syn-expanded-widening-4,python.loops,loops-set-5-unassisted,loops-set-5,week-5,2026-10-05T10:00:00Z,unassisted,written,Synthetic attempt: I included the stop value when tracing the loop.,0.48,300,0,loops-rubric-v1,true,,system,0.53
syn-expanded-widening-5-cp1-assisted,1,syn-expanded-widening-5,python.loops,loops-set-1-assisted,loops-set-1,week-1,2026-09-07T10:00:00Z,assisted,written,Synthetic explanation: range excludes the stop value.,0.85,180,2,loops-rubric-v1,true,,system,0.87
syn-expanded-widening-5-cp1-unassisted,1,syn-expanded-widening-5,python.loops,loops-set-1-unassisted,loops-set-1,week-1,2026-09-07T10:00:00Z,unassisted,written,Synthetic attempt: I included the stop value when tracing the loop.,0.74,300,0,loops-rubric-v1,true,,system,0.79
syn-expanded-widening-5-cp2-assisted,1,syn-expanded-widening-5,python.loops,loops-set-2-assisted,loops-set-2,week-2,2026-09-14T10:00:00Z,assisted,written,Synthetic explanation: range excludes the stop value.,0.85,180,2,loops-rubric-v1,true,,system,0.87
syn-expanded-widening-5-cp2-unassisted,1,syn-expanded-widening-5,python.loops,loops-set-2-unassisted,loops-set-2,week-2,2026-09-14T10:00:00Z,unassisted,written,Synthetic attempt: I traced range as if both bounds were inclusive.,0.67,300,0,loops-rubric-v1,true,,system,0.72
syn-expanded-widening-5-cp3-assisted,1,syn-expanded-widening-5,python.loops,loops-set-3-assisted,loops-set-3,week-3,2026-09-21T10:00:00Z,assisted,written,Synthetic explanation: range excludes the stop value.,0.85,180,2,loops-rubric-v1,true,,system,0.87
syn-expanded-widening-5-cp3-unassisted,1,syn-expanded-widening-5,python.loops,loops-set-3-unassisted,loops-set-3,week-3,2026-09-21T10:00:00Z,unassisted,written,Synthetic attempt: I started the loop at 1 and stopped before n.,0.6,300,0,loops-rubric-v1,true,,system,0.65
syn-expanded-widening-5-cp4-assisted,1,syn-expanded-widening-5,python.loops,loops-set-4-assisted,loops-set-4,week-4,2026-09-28T10:00:00Z,assisted,written,Synthetic explanation: range excludes the stop value.,0.85,180,2,loops-rubric-v1,true,,system,0.87
syn-expanded-widening-5-cp4-unassisted,1,syn-expanded-widening-5,python.loops,loops-set-4-unassisted,loops-set-4,week-4,2026-09-28T10:00:00Z,unassisted,written,Synthetic attempt: I summed one extra element past the stop bound.,0.53,300,0,loops-rubric-v1,true,,system,0.58
syn-expanded-widening-5-cp5-assisted,1,syn-expanded-widening-5,python.loops,loops-set-5-assisted,loops-set-5,week-5,2026-10-05T10:00:00Z,assisted,written,Synthetic explanation: range excludes the stop value.,0.85,180,2,loops-rubric-v1,true,,system,0.87
syn-expanded-widening-5-cp5-unassisted,1,syn-expanded-widening-5,python.loops,loops-set-5-unassisted,loops-set-5,week-5,2026-10-05T10:00:00Z,unassisted,written,Synthetic attempt: I included the stop value when tracing the loop.,0.46,300,0,loops-rubric-v1,true,,system,0.51
syn-expanded-widening-6-cp1-assisted,1,syn-expanded-widening-6,python.loops,loops-set-1-assisted,loops-set-1,week-1,2026-09-07T10:00:00Z,assisted,written,Synthetic explanation: range excludes the stop value.,0.85,180,2,loops-rubric-v1,true,,system,0.87
syn-expanded-widening-6-cp1-unassisted,1,syn-expanded-widening-6,python.loops,loops-set-1-unassisted,loops-set-1,week-1,2026-09-07T10:00:00Z,unassisted,written,Synthetic attempt: I included the stop value when tracing the loop.,0.72,300,0,loops-rubric-v1,true,,system,0.77
syn-expanded-widening-6-cp2-assisted,1,syn-expanded-widening-6,python.loops,loops-set-2-assisted,loops-set-2,week-2,2026-09-14T10:00:00Z,assisted,written,Synthetic explanation: range excludes the stop value.,0.85,180,2,loops-rubric-v1,true,,system,0.87
syn-expanded-widening-6-cp2-unassisted,1,syn-expanded-widening-6,python.loops,loops-set-2-unassisted,loops-set-2,week-2,2026-09-14T10:00:00Z,unassisted,written,Synthetic attempt: I traced range as if both bounds were inclusive.,0.65,300,0,loops-rubric-v1,true,,system,0.7
syn-expanded-widening-6-cp3-assisted,1,syn-expanded-widening-6,python.loops,loops-set-3-assisted,loops-set-3,week-3,2026-09-21T10:00:00Z,assisted,written,Synthetic explanation: range excludes the stop value.,0.85,180,2,loops-rubric-v1,true,,system,0.87
syn-expanded-widening-6-cp3-unassisted,1,syn-expanded-widening-6,python.loops,loops-set-3-unassisted,loops-set-3,week-3,2026-09-21T10:00:00Z,unassisted,written,Synthetic attempt: I started the loop at 1 and stopped before n.,0.58,300,0,loops-rubric-v1,true,,system,0.63
syn-expanded-widening-6-cp4-assisted,1,syn-expanded-widening-6,python.loops,loops-set-4-assisted,loops-set-4,week-4,2026-09-28T10:00:00Z,assisted,written,Synthetic explanation: range excludes the stop value.,0.85,180,2,loops-rubric-v1,true,,system,0.87
syn-expanded-widening-6-cp4-unassisted,1,syn-expanded-widening-6,python.loops,loops-set-4-unassisted,loops-set-4,week-4,2026-09-28T10:00:00Z,unassisted,written,Synthetic attempt: I summed one extra element past the stop bound.,0.51,300,0,loops-rubric-v1,true,,system,0.56
syn-expanded-widening-6-cp5-assisted,1,syn-expanded-widening-6,python.loops,loops-set-5-assisted,loops-set-5,week-5,2026-10-05T10:00:00Z,assisted,written,Synthetic explanation: range excludes the stop value.,0.85,180,2,loops-rubric-v1,true,,system,0.87
syn-expanded-widening-6-cp5-unassisted,1,syn-expanded-widening-6,python.loops,loops-set-5-unassisted,loops-set-5,week-5,2026-10-05T10:00:00Z,unassisted,written,Synthetic attempt: I included the stop value when tracing the loop.,0.44,300,0,loops-rubric-v1,true,,system,0.49
syn-expanded-widening-7-cp1-assisted,1,syn-expanded-widening-7,python.loops,loops-set-1-assisted,loops-set-1,week-1,2026-09-07T10:00:00Z,assisted,written,Synthetic explanation: range excludes the stop value.,0.85,180,2,loops-rubric-v1,true,,system,0.87
syn-expanded-widening-7-cp1-unassisted,1,syn-expanded-widening-7,python.loops,loops-set-1-unassisted,loops-set-1,week-1,2026-09-07T10:00:00Z,unassisted,written,Synthetic attempt: I included the stop value when tracing the loop.,0.78,300,0,loops-rubric-v1,true,,system,0.83
syn-expanded-widening-7-cp2-assisted,1,syn-expanded-widening-7,python.loops,loops-set-2-assisted,loops-set-2,week-2,2026-09-14T10:00:00Z,assisted,written,Synthetic explanation: range excludes the stop value.,0.85,180,2,loops-rubric-v1,true,,system,0.87
syn-expanded-widening-7-cp2-unassisted,1,syn-expanded-widening-7,python.loops,loops-set-2-unassisted,loops-set-2,week-2,2026-09-14T10:00:00Z,unassisted,written,Synthetic attempt: I traced range as if both bounds were inclusive.,0.71,300,0,loops-rubric-v1,true,,system,0.76
syn-expanded-widening-7-cp3-assisted,1,syn-expanded-widening-7,python.loops,loops-set-3-assisted,loops-set-3,week-3,2026-09-21T10:00:00Z,assisted,written,Synthetic explanation: range excludes the stop value.,0.85,180,2,loops-rubric-v1,true,,system,0.87
syn-expanded-widening-7-cp3-unassisted,1,syn-expanded-widening-7,python.loops,loops-set-3-unassisted,loops-set-3,week-3,2026-09-21T10:00:00Z,unassisted,written,Synthetic attempt: I started the loop at 1 and stopped before n.,0.64,300,0,loops-rubric-v1,true,,system,0.69
syn-expanded-widening-7-cp4-assisted,1,syn-expanded-widening-7,python.loops,loops-set-4-assisted,loops-set-4,week-4,2026-09-28T10:00:00Z,assisted,written,Synthetic explanation: range excludes the stop value.,0.85,180,2,loops-rubric-v1,true,,system,0.87
syn-expanded-widening-7-cp4-unassisted,1,syn-expanded-widening-7,python.loops,loops-set-4-unassisted,loops-set-4,week-4,2026-09-28T10:00:00Z,unassisted,written,Synthetic attempt: I summed one extra element past the stop bound.,0.57,300,0,loops-rubric-v1,true,,system,0.62
syn-expanded-widening-7-cp5-assisted,1,syn-expanded-widening-7,python.loops,loops-set-5-assisted,loops-set-5,week-5,2026-10-05T10:00:00Z,assisted,written,Synthetic explanation: range excludes the stop value.,0.85,180,2,loops-rubric-v1,true,,system,0.87
syn-expanded-widening-7-cp5-unassisted,1,syn-expanded-widening-7,python.loops,loops-set-5-unassisted,loops-set-5,week-5,2026-10-05T10:00:00Z,unassisted,written,Synthetic attempt: I included the stop value when tracing the loop.,0.5,300,0,loops-rubric-v1,true,,system,0.55
syn-expanded-widening-8-cp1-assisted,1,syn-expanded-widening-8,python.loops,loops-set-1-assisted,loops-set-1,week-1,2026-09-07T10:00:00Z,assisted,written,Synthetic explanation: range excludes the stop value.,0.85,180,2,loops-rubric-v1,true,,system,0.87
syn-expanded-widening-8-cp1-unassisted,1,syn-expanded-widening-8,python.loops,loops-set-1-unassisted,loops-set-1,week-1,2026-09-07T10:00:00Z,unassisted,written,Synthetic attempt: I included the stop value when tracing the loop.,0.76,300,0,loops-rubric-v1,true,,system,0.81
syn-expanded-widening-8-cp2-assisted,1,syn-expanded-widening-8,python.loops,loops-set-2-assisted,loops-set-2,week-2,2026-09-14T10:00:00Z,assisted,written,Synthetic explanation: range excludes the stop value.,0.85,180,2,loops-rubric-v1,true,,system,0.87
syn-expanded-widening-8-cp2-unassisted,1,syn-expanded-widening-8,python.loops,loops-set-2-unassisted,loops-set-2,week-2,2026-09-14T10:00:00Z,unassisted,written,Synthetic attempt: I traced range as if both bounds were inclusive.,0.69,300,0,loops-rubric-v1,true,,system,0.74
syn-expanded-widening-8-cp3-assisted,1,syn-expanded-widening-8,python.loops,loops-set-3-assisted,loops-set-3,week-3,2026-09-21T10:00:00Z,assisted,written,Synthetic explanation: range excludes the stop value.,0.85,180,2,loops-rubric-v1,true,,system,0.87
syn-expanded-widening-8-cp3-unassisted,1,syn-expanded-widening-8,python.loops,loops-set-3-unassisted,loops-set-3,week-3,2026-09-21T10:00:00Z,unassisted,written,Synthetic attempt: I started the loop at 1 and stopped before n.,0.62,300,0,loops-rubric-v1,true,,system,0.67
syn-expanded-widening-8-cp4-assisted,1,syn-expanded-widening-8,python.loops,loops-set-4-assisted,loops-set-4,week-4,2026-09-28T10:00:00Z,assisted,written,Synthetic explanation: range excludes the stop value.,0.85,180,2,loops-rubric-v1,true,,system,0.87
syn-expanded-widening-8-cp4-unassisted,1,syn-expanded-widening-8,python.loops,loops-set-4-unassisted,loops-set-4,week-4,2026-09-28T10:00:00Z,unassisted,written,Synthetic attempt: I summed one extra element past the stop bound.,0.55,300,0,loops-rubric-v1,true,,system,0.6
syn-expanded-widening-8-cp5-assisted,1,syn-expanded-widening-8,python.loops,loops-set-5-assisted,loops-set-5,week-5,2026-10-05T10:00:00Z,assisted,written,Synthetic explanation: range excludes the stop value.,0.85,180,2,loops-rubric-v1,true,,system,0.87
syn-expanded-widening-8-cp5-unassisted,1,syn-expanded-widening-8,python.loops,loops-set-5-unassisted,loops-set-5,week-5,2026-10-05T10:00:00Z,unassisted,written,Synthetic attempt: I included the stop value when tracing the loop.,0.48,300,0,loops-rubric-v1,true,,system,0.53
syn-expanded-widening-9-cp1-assisted,1,syn-expanded-widening-9,python.loops,loops-set-1-assisted,loops-set-1,week-1,2026-09-07T10:00:00Z,assisted,written,Synthetic explanation: range excludes the stop value.,0.85,180,2,loops-rubric-v1,true,,system,0.87
syn-expanded-widening-9-cp1-unassisted,1,syn-expanded-widening-9,python.loops,loops-set-1-unassisted,loops-set-1,week-1,2026-09-07T10:00:00Z,unassisted,written,Synthetic attempt: I included the stop value when tracing the loop.,0.74,300,0,loops-rubric-v1,true,,system,0.79
syn-expanded-widening-9-cp2-assisted,1,syn-expanded-widening-9,python.loops,loops-set-2-assisted,loops-set-2,week-2,2026-09-14T10:00:00Z,assisted,written,Synthetic explanation: range excludes the stop value.,0.85,180,2,loops-rubric-v1,true,,system,0.87
syn-expanded-widening-9-cp2-unassisted,1,syn-expanded-widening-9,python.loops,loops-set-2-unassisted,loops-set-2,week-2,2026-09-14T10:00:00Z,unassisted,written,Synthetic attempt: I traced range as if both bounds were inclusive.,0.67,300,0,loops-rubric-v1,true,,system,0.72
syn-expanded-widening-9-cp3-assisted,1,syn-expanded-widening-9,python.loops,loops-set-3-assisted,loops-set-3,week-3,2026-09-21T10:00:00Z,assisted,written,Synthetic explanation: range excludes the stop value.,0.85,180,2,loops-rubric-v1,true,,system,0.87
syn-expanded-widening-9-cp3-unassisted,1,syn-expanded-widening-9,python.loops,loops-set-3-unassisted,loops-set-3,week-3,2026-09-21T10:00:00Z,unassisted,written,Synthetic attempt: I started the loop at 1 and stopped before n.,0.6,300,0,loops-rubric-v1,true,,system,0.65
syn-expanded-widening-9-cp4-assisted,1,syn-expanded-widening-9,python.loops,loops-set-4-assisted,loops-set-4,week-4,2026-09-28T10:00:00Z,assisted,written,Synthetic explanation: range excludes the stop value.,0.85,180,2,loops-rubric-v1,true,,system,0.87
syn-expanded-widening-9-cp4-unassisted,1,syn-expanded-widening-9,python.loops,loops-set-4-unassisted,loops-set-4,week-4,2026-09-28T10:00:00Z,unassisted,written,Synthetic attempt: I summed one extra element past the stop bound.,0.53,300,0,loops-rubric-v1,true,,system,0.58
syn-expanded-widening-9-cp5-assisted,1,syn-expanded-widening-9,python.loops,loops-set-5-assisted,loops-set-5,week-5,2026-10-05T10:00:00Z,assisted,written,Synthetic explanation: range excludes the stop value.,0.85,180,2,loops-rubric-v1,true,,system,0.87
syn-expanded-widening-9-cp5-unassisted,1,syn-expanded-widening-9,python.loops,loops-set-5-unassisted,loops-set-5,week-5,2026-10-05T10:00:00Z,unassisted,written,Synthetic attempt: I included the stop value when tracing the loop.,0.46,300,0,loops-rubric-v1,true,,system,0.51
syn-expanded-widening-10-cp1-assisted,1,syn-expanded-widening-10,python.loops,loops-set-1-assisted,loops-set-1,week-1,2026-09-07T10:00:00Z,assisted,written,Synthetic explanation: range excludes the stop value.,0.85,180,2,loops-rubric-v1,true,,system,0.87
syn-expanded-widening-10-cp1-unassisted,1,syn-expanded-widening-10,python.loops,loops-set-1-unassisted,loops-set-1,week-1,2026-09-07T10:00:00Z,unassisted,written,Synthetic attempt: I traced range as if both bounds were inclusive.,0.72,300,0,loops-rubric-v1,true,,system,0.77
syn-expanded-widening-10-cp2-assisted,1,syn-expanded-widening-10,python.loops,loops-set-2-assisted,loops-set-2,week-2,2026-09-14T10:00:00Z,assisted,written,Synthetic explanation: range excludes the stop value.,0.85,180,2,loops-rubric-v1,true,,system,0.87
syn-expanded-widening-10-cp2-unassisted,1,syn-expanded-widening-10,python.loops,loops-set-2-unassisted,loops-set-2,week-2,2026-09-14T10:00:00Z,unassisted,written,Synthetic attempt: I started the loop at 1 and stopped before n.,0.65,300,0,loops-rubric-v1,true,,system,0.7
syn-expanded-widening-10-cp3-assisted,1,syn-expanded-widening-10,python.loops,loops-set-3-assisted,loops-set-3,week-3,2026-09-21T10:00:00Z,assisted,written,Synthetic explanation: range excludes the stop value.,0.85,180,2,loops-rubric-v1,true,,system,0.87
syn-expanded-widening-10-cp3-unassisted,1,syn-expanded-widening-10,python.loops,loops-set-3-unassisted,loops-set-3,week-3,2026-09-21T10:00:00Z,unassisted,written,Synthetic attempt: I summed one extra element past the stop bound.,0.58,300,0,loops-rubric-v1,true,,system,0.63
syn-expanded-widening-10-cp4-assisted,1,syn-expanded-widening-10,python.loops,loops-set-4-assisted,loops-set-4,week-4,2026-09-28T10:00:00Z,assisted,written,Synthetic explanation: range excludes the stop value.,0.85,180,2,loops-rubric-v1,true,,system,0.87
syn-expanded-widening-10-cp4-unassisted,1,syn-expanded-widening-10,python.loops,loops-set-4-unassisted,loops-set-4,week-4,2026-09-28T10:00:00Z,unassisted,written,Synthetic attempt: I included the stop value when tracing the loop.,0.51,300,0,loops-rubric-v1,true,,system,0.56
syn-expanded-widening-10-cp5-assisted,1,syn-expanded-widening-10,python.loops,loops-set-5-assisted,loops-set-5,week-5,2026-10-05T10:00:00Z,assisted,written,Synthetic explanation: range excludes the stop value.,0.85,180,2,loops-rubric-v1,true,,system,0.87
syn-expanded-widening-10-cp5-unassisted,1,syn-expanded-widening-10,python.loops,loops-set-5-unassisted,loops-set-5,week-5,2026-10-05T10:00:00Z,unassisted,written,Synthetic attempt: I traced range as if both bounds were inclusive.,0.44,300,0,loops-rubric-v1,true,,system,0.49
syn-expanded-widening-11-cp1-assisted,1,syn-expanded-widening-11,python.loops,loops-set-1-assisted,loops-set-1,week-1,2026-09-07T10:00:00Z,assisted,written,Synthetic explanation: range excludes the stop value.,0.85,180,2,loops-rubric-v1,true,,system,0.87
syn-expanded-widening-11-cp1-unassisted,1,syn-expanded-widening-11,python.loops,loops-set-1-unassisted,loops-set-1,week-1,2026-09-07T10:00:00Z,unassisted,written,Synthetic attempt: I traced range as if both bounds were inclusive.,0.78,300,0,loops-rubric-v1,true,,system,0.83
syn-expanded-widening-11-cp2-assisted,1,syn-expanded-widening-11,python.loops,loops-set-2-assisted,loops-set-2,week-2,2026-09-14T10:00:00Z,assisted,written,Synthetic explanation: range excludes the stop value.,0.85,180,2,loops-rubric-v1,true,,system,0.87
syn-expanded-widening-11-cp2-unassisted,1,syn-expanded-widening-11,python.loops,loops-set-2-unassisted,loops-set-2,week-2,2026-09-14T10:00:00Z,unassisted,written,Synthetic attempt: I started the loop at 1 and stopped before n.,0.71,300,0,loops-rubric-v1,true,,system,0.76
syn-expanded-widening-11-cp3-assisted,1,syn-expanded-widening-11,python.loops,loops-set-3-assisted,loops-set-3,week-3,2026-09-21T10:00:00Z,assisted,written,Synthetic explanation: range excludes the stop value.,0.85,180,2,loops-rubric-v1,true,,system,0.87
syn-expanded-widening-11-cp3-unassisted,1,syn-expanded-widening-11,python.loops,loops-set-3-unassisted,loops-set-3,week-3,2026-09-21T10:00:00Z,unassisted,written,Synthetic attempt: I summed one extra element past the stop bound.,0.64,300,0,loops-rubric-v1,true,,system,0.69
syn-expanded-widening-11-cp4-assisted,1,syn-expanded-widening-11,python.loops,loops-set-4-assisted,loops-set-4,week-4,2026-09-28T10:00:00Z,assisted,written,Synthetic explanation: range excludes the stop value.,0.85,180,2,loops-rubric-v1,true,,system,0.87
syn-expanded-widening-11-cp4-unassisted,1,syn-expanded-widening-11,python.loops,loops-set-4-unassisted,loops-set-4,week-4,2026-09-28T10:00:00Z,unassisted,written,Synthetic attempt: I included the stop value when tracing the loop.,0.57,300,0,loops-rubric-v1,true,,system,0.62
syn-expanded-widening-11-cp5-assisted,1,syn-expanded-widening-11,python.loops,loops-set-5-assisted,loops-set-5,week-5,2026-10-05T10:00:00Z,assisted,written,Synthetic explanation: range excludes the stop value.,0.85,180,2,loops-rubric-v1,true,,system,0.87
syn-expanded-widening-11-cp5-unassisted,1,syn-expanded-widening-11,python.loops,loops-set-5-unassisted,loops-set-5,week-5,2026-10-05T10:00:00Z,unassisted,written,Synthetic attempt: I traced range as if both bounds were inclusive.,0.5,300,0,loops-rubric-v1,true,,system,0.55
syn-expanded-widening-12-cp1-assisted,1,syn-expanded-widening-12,python.loops,loops-set-1-assisted,loops-set-1,week-1,2026-09-07T10:00:00Z,assisted,written,Synthetic explanation: range excludes the stop value.,0.85,180,2,loops-rubric-v1,true,,system,0.87
syn-expanded-widening-12-cp1-unassisted,1,syn-expanded-widening-12,python.loops,loops-set-1-unassisted,loops-set-1,week-1,2026-09-07T10:00:00Z,unassisted,written,Synthetic attempt: I traced range as if both bounds were inclusive.,0.76,300,0,loops-rubric-v1,true,,system,0.81
syn-expanded-widening-12-cp2-assisted,1,syn-expanded-widening-12,python.loops,loops-set-2-assisted,loops-set-2,week-2,2026-09-14T10:00:00Z,assisted,written,Synthetic explanation: range excludes the stop value.,0.85,180,2,loops-rubric-v1,true,,system,0.87
syn-expanded-widening-12-cp2-unassisted,1,syn-expanded-widening-12,python.loops,loops-set-2-unassisted,loops-set-2,week-2,2026-09-14T10:00:00Z,unassisted,written,Synthetic attempt: I started the loop at 1 and stopped before n.,0.69,300,0,loops-rubric-v1,true,,system,0.74
syn-expanded-widening-12-cp3-assisted,1,syn-expanded-widening-12,python.loops,loops-set-3-assisted,loops-set-3,week-3,2026-09-21T10:00:00Z,assisted,written,Synthetic explanation: range excludes the stop value.,0.85,180,2,loops-rubric-v1,true,,system,0.87
syn-expanded-widening-12-cp3-unassisted,1,syn-expanded-widening-12,python.loops,loops-set-3-unassisted,loops-set-3,week-3,2026-09-21T10:00:00Z,unassisted,written,Synthetic attempt: I summed one extra element past the stop bound.,0.62,300,0,loops-rubric-v1,true,,system,0.67
syn-expanded-widening-12-cp4-assisted,1,syn-expanded-widening-12,python.loops,loops-set-4-assisted,loops-set-4,week-4,2026-09-28T10:00:00Z,assisted,written,Synthetic explanation: range excludes the stop value.,0.85,180,2,loops-rubric-v1,true,,system,0.87
syn-expanded-widening-12-cp4-unassisted,1,syn-expanded-widening-12,python.loops,loops-set-4-unassisted,loops-set-4,week-4,2026-09-28T10:00:00Z,unassisted,written,Synthetic attempt: I included the stop value when tracing the loop.,0.55,300,0,loops-rubric-v1,true,,system,0.6
syn-expanded-widening-12-cp5-assisted,1,syn-expanded-widening-12,python.loops,loops-set-5-assisted,loops-set-5,week-5,2026-10-05T10:00:00Z,assisted,written,Synthetic explanation: range excludes the stop value.,0.85,180,2,loops-rubric-v1,true,,system,0.87
syn-expanded-widening-12-cp5-unassisted,1,syn-expanded-widening-12,python.loops,loops-set-5-unassisted,loops-set-5,week-5,2026-10-05T10:00:00Z,unassisted,written,Synthetic attempt: I traced range as if both bounds were inclusive.,0.48,300,0,loops-rubric-v1,true,,system,0.53
syn-expanded-widening-13-cp1-assisted,1,syn-expanded-widening-13,python.loops,loops-set-1-assisted,loops-set-1,week-1,2026-09-07T10:00:00Z,assisted,written,Synthetic explanation: range excludes the stop value.,0.85,180,2,loops-rubric-v1,true,,system,0.87
syn-expanded-widening-13-cp1-unassisted,1,syn-expanded-widening-13,python.loops,loops-set-1-unassisted,loops-set-1,week-1,2026-09-07T10:00:00Z,unassisted,written,Synthetic attempt: I traced range as if both bounds were inclusive.,0.74,300,0,loops-rubric-v1,true,,system,0.79
syn-expanded-widening-13-cp2-assisted,1,syn-expanded-widening-13,python.loops,loops-set-2-assisted,loops-set-2,week-2,2026-09-14T10:00:00Z,assisted,written,Synthetic explanation: range excludes the stop value.,0.85,180,2,loops-rubric-v1,true,,system,0.87
syn-expanded-widening-13-cp2-unassisted,1,syn-expanded-widening-13,python.loops,loops-set-2-unassisted,loops-set-2,week-2,2026-09-14T10:00:00Z,unassisted,written,Synthetic attempt: I started the loop at 1 and stopped before n.,0.67,300,0,loops-rubric-v1,true,,system,0.72
syn-expanded-widening-13-cp3-assisted,1,syn-expanded-widening-13,python.loops,loops-set-3-assisted,loops-set-3,week-3,2026-09-21T10:00:00Z,assisted,written,Synthetic explanation: range excludes the stop value.,0.85,180,2,loops-rubric-v1,true,,system,0.87
syn-expanded-widening-13-cp3-unassisted,1,syn-expanded-widening-13,python.loops,loops-set-3-unassisted,loops-set-3,week-3,2026-09-21T10:00:00Z,unassisted,written,Synthetic attempt: I summed one extra element past the stop bound.,0.6,300,0,loops-rubric-v1,true,,system,0.65
syn-expanded-widening-13-cp4-assisted,1,syn-expanded-widening-13,python.loops,loops-set-4-assisted,loops-set-4,week-4,2026-09-28T10:00:00Z,assisted,written,Synthetic explanation: range excludes the stop value.,0.85,180,2,loops-rubric-v1,true,,system,0.87
syn-expanded-widening-13-cp4-unassisted,1,syn-expanded-widening-13,python.loops,loops-set-4-unassisted,loops-set-4,week-4,2026-09-28T10:00:00Z,unassisted,written,Synthetic attempt: I included the stop value when tracing the loop.,0.53,300,0,loops-rubric-v1,true,,system,0.58
syn-expanded-widening-13-cp5-assisted,1,syn-expanded-widening-13,python.loops,loops-set-5-assisted,loops-set-5,week-5,2026-10-05T10:00:00Z,assisted,written,Synthetic explanation: range excludes the stop value.,0.85,180,2,loops-rubric-v1,true,,system,0.87
syn-expanded-widening-13-cp5-unassisted,1,syn-expanded-widening-13,python.loops,loops-set-5-unassisted,loops-set-5,week-5,2026-10-05T10:00:00Z,unassisted,written,Synthetic attempt: I traced range as if both bounds were inclusive.,0.46,300,0,loops-rubric-v1,true,,system,0.51
syn-expanded-widening-14-cp1-assisted,1,syn-expanded-widening-14,python.loops,loops-set-1-assisted,loops-set-1,week-1,2026-09-07T10:00:00Z,assisted,written,Synthetic explanation: range excludes the stop value.,0.85,180,2,loops-rubric-v1,true,,system,0.87
syn-expanded-widening-14-cp1-unassisted,1,syn-expanded-widening-14,python.loops,loops-set-1-unassisted,loops-set-1,week-1,2026-09-07T10:00:00Z,unassisted,written,Synthetic attempt: I traced range as if both bounds were inclusive.,0.72,300,0,loops-rubric-v1,true,,system,0.77
syn-expanded-widening-14-cp2-assisted,1,syn-expanded-widening-14,python.loops,loops-set-2-assisted,loops-set-2,week-2,2026-09-14T10:00:00Z,assisted,written,Synthetic explanation: range excludes the stop value.,0.85,180,2,loops-rubric-v1,true,,system,0.87
syn-expanded-widening-14-cp2-unassisted,1,syn-expanded-widening-14,python.loops,loops-set-2-unassisted,loops-set-2,week-2,2026-09-14T10:00:00Z,unassisted,written,Synthetic attempt: I started the loop at 1 and stopped before n.,0.65,300,0,loops-rubric-v1,true,,system,0.7
syn-expanded-widening-14-cp3-assisted,1,syn-expanded-widening-14,python.loops,loops-set-3-assisted,loops-set-3,week-3,2026-09-21T10:00:00Z,assisted,written,Synthetic explanation: range excludes the stop value.,0.85,180,2,loops-rubric-v1,true,,system,0.87
syn-expanded-widening-14-cp3-unassisted,1,syn-expanded-widening-14,python.loops,loops-set-3-unassisted,loops-set-3,week-3,2026-09-21T10:00:00Z,unassisted,written,Synthetic attempt: I summed one extra element past the stop bound.,0.58,300,0,loops-rubric-v1,true,,system,0.63
syn-expanded-widening-14-cp4-assisted,1,syn-expanded-widening-14,python.loops,loops-set-4-assisted,loops-set-4,week-4,2026-09-28T10:00:00Z,assisted,written,Synthetic explanation: range excludes the stop value.,0.85,180,2,loops-rubric-v1,true,,system,0.87
syn-expanded-widening-14-cp4-unassisted,1,syn-expanded-widening-14,python.loops,loops-set-4-unassisted,loops-set-4,week-4,2026-09-28T10:00:00Z,unassisted,written,Synthetic attempt: I included the stop value when tracing the loop.,0.51,300,0,loops-rubric-v1,true,,system,0.56
syn-expanded-widening-14-cp5-assisted,1,syn-expanded-widening-14,python.loops,loops-set-5-assisted,loops-set-5,week-5,2026-10-05T10:00:00Z,assisted,written,Synthetic explanation: range excludes the stop value.,0.85,180,2,loops-rubric-v1,true,,system,0.87
syn-expanded-widening-14-cp5-unassisted,1,syn-expanded-widening-14,python.loops,loops-set-5-unassisted,loops-set-5,week-5,2026-10-05T10:00:00Z,unassisted,written,Synthetic attempt: I traced range as if both bounds were inclusive.,0.44,300,0,loops-rubric-v1,true,,system,0.49
syn-expanded-widening-15-cp1-assisted,1,syn-expanded-widening-15,python.loops,loops-set-1-assisted,loops-set-1,week-1,2026-09-07T10:00:00Z,assisted,written,Synthetic explanation: range excludes the stop value.,0.85,180,2,loops-rubric-v1,true,,system,0.87
syn-expanded-widening-15-cp1-unassisted,1,syn-expanded-widening-15,python.loops,loops-set-1-unassisted,loops-set-1,week-1,2026-09-07T10:00:00Z,unassisted,written,Synthetic attempt: I traced range as if both bounds were inclusive.,0.78,300,0,loops-rubric-v1,true,,system,0.83
syn-expanded-widening-15-cp2-assisted,1,syn-expanded-widening-15,python.loops,loops-set-2-assisted,loops-set-2,week-2,2026-09-14T10:00:00Z,assisted,written,Synthetic explanation: range excludes the stop value.,0.85,180,2,loops-rubric-v1,true,,system,0.87
syn-expanded-widening-15-cp2-unassisted,1,syn-expanded-widening-15,python.loops,loops-set-2-unassisted,loops-set-2,week-2,2026-09-14T10:00:00Z,unassisted,written,Synthetic attempt: I started the loop at 1 and stopped before n.,0.71,300,0,loops-rubric-v1,true,,system,0.76
syn-expanded-widening-15-cp3-assisted,1,syn-expanded-widening-15,python.loops,loops-set-3-assisted,loops-set-3,week-3,2026-09-21T10:00:00Z,assisted,written,Synthetic explanation: range excludes the stop value.,0.85,180,2,loops-rubric-v1,true,,system,0.87
syn-expanded-widening-15-cp3-unassisted,1,syn-expanded-widening-15,python.loops,loops-set-3-unassisted,loops-set-3,week-3,2026-09-21T10:00:00Z,unassisted,written,Synthetic attempt: I summed one extra element past the stop bound.,0.64,300,0,loops-rubric-v1,true,,system,0.69
syn-expanded-widening-15-cp4-assisted,1,syn-expanded-widening-15,python.loops,loops-set-4-assisted,loops-set-4,week-4,2026-09-28T10:00:00Z,assisted,written,Synthetic explanation: range excludes the stop value.,0.85,180,2,loops-rubric-v1,true,,system,0.87
syn-expanded-widening-15-cp4-unassisted,1,syn-expanded-widening-15,python.loops,loops-set-4-unassisted,loops-set-4,week-4,2026-09-28T10:00:00Z,unassisted,written,Synthetic attempt: I included the stop value when tracing the loop.,0.57,300,0,loops-rubric-v1,true,,system,0.62
syn-expanded-widening-15-cp5-assisted,1,syn-expanded-widening-15,python.loops,loops-set-5-assisted,loops-set-5,week-5,2026-10-05T10:00:00Z,assisted,written,Synthetic explanation: range excludes the stop value.,0.85,180,2,loops-rubric-v1,true,,system,0.87
syn-expanded-widening-15-cp5-unassisted,1,syn-expanded-widening-15,python.loops,loops-set-5-unassisted,loops-set-5,week-5,2026-10-05T10:00:00Z,unassisted,written,Synthetic attempt: I traced range as if both bounds were inclusive.,0.5,300,0,loops-rubric-v1,true,,system,0.55
syn-expanded-widening-16-cp1-assisted,1,syn-expanded-widening-16,python.loops,loops-set-1-assisted,loops-set-1,week-1,2026-09-07T10:00:00Z,assisted,written,Synthetic explanation: range excludes the stop value.,0.85,180,2,loops-rubric-v1,true,,system,0.87
syn-expanded-widening-16-cp1-unassisted,1,syn-expanded-widening-16,python.loops,loops-set-1-unassisted,loops-set-1,week-1,2026-09-07T10:00:00Z,unassisted,written,Synthetic attempt: I traced range as if both bounds were inclusive.,0.76,300,0,loops-rubric-v1,true,,system,0.81
syn-expanded-widening-16-cp2-assisted,1,syn-expanded-widening-16,python.loops,loops-set-2-assisted,loops-set-2,week-2,2026-09-14T10:00:00Z,assisted,written,Synthetic explanation: range excludes the stop value.,0.85,180,2,loops-rubric-v1,true,,system,0.87
syn-expanded-widening-16-cp2-unassisted,1,syn-expanded-widening-16,python.loops,loops-set-2-unassisted,loops-set-2,week-2,2026-09-14T10:00:00Z,unassisted,written,Synthetic attempt: I started the loop at 1 and stopped before n.,0.69,300,0,loops-rubric-v1,true,,system,0.74
syn-expanded-widening-16-cp3-assisted,1,syn-expanded-widening-16,python.loops,loops-set-3-assisted,loops-set-3,week-3,2026-09-21T10:00:00Z,assisted,written,Synthetic explanation: range excludes the stop value.,0.85,180,2,loops-rubric-v1,true,,system,0.87
syn-expanded-widening-16-cp3-unassisted,1,syn-expanded-widening-16,python.loops,loops-set-3-unassisted,loops-set-3,week-3,2026-09-21T10:00:00Z,unassisted,written,Synthetic attempt: I summed one extra element past the stop bound.,0.62,300,0,loops-rubric-v1,true,,system,0.67
syn-expanded-widening-16-cp4-assisted,1,syn-expanded-widening-16,python.loops,loops-set-4-assisted,loops-set-4,week-4,2026-09-28T10:00:00Z,assisted,written,Synthetic explanation: range excludes the stop value.,0.85,180,2,loops-rubric-v1,true,,system,0.87
syn-expanded-widening-16-cp4-unassisted,1,syn-expanded-widening-16,python.loops,loops-set-4-unassisted,loops-set-4,week-4,2026-09-28T10:00:00Z,unassisted,written,Synthetic attempt: I included the stop value when tracing the loop.,0.55,300,0,loops-rubric-v1,true,,system,0.6
syn-expanded-widening-16-cp5-assisted,1,syn-expanded-widening-16,python.loops,loops-set-5-assisted,loops-set-5,week-5,2026-10-05T10:00:00Z,assisted,written,Synthetic explanation: range excludes the stop value.,0.85,180,2,loops-rubric-v1,true,,system,0.87
syn-expanded-widening-16-cp5-unassisted,1,syn-expanded-widening-16,python.loops,loops-set-5-unassisted,loops-set-5,week-5,2026-10-05T10:00:00Z,unassisted,written,Synthetic attempt: I traced range as if both bounds were inclusive.,0.48,300,0,loops-rubric-v1,true,,system,0.53
syn-expanded-widening-17-cp1-assisted,1,syn-expanded-widening-17,python.loops,loops-set-1-assisted,loops-set-1,week-1,2026-09-07T10:00:00Z,assisted,written,Synthetic explanation: range excludes the stop value.,0.85,180,2,loops-rubric-v1,true,,system,0.87
syn-expanded-widening-17-cp1-unassisted,1,syn-expanded-widening-17,python.loops,loops-set-1-unassisted,loops-set-1,week-1,2026-09-07T10:00:00Z,unassisted,written,Synthetic attempt: I traced range as if both bounds were inclusive.,0.74,300,0,loops-rubric-v1,true,,system,0.79
syn-expanded-widening-17-cp2-assisted,1,syn-expanded-widening-17,python.loops,loops-set-2-assisted,loops-set-2,week-2,2026-09-14T10:00:00Z,assisted,written,Synthetic explanation: range excludes the stop value.,0.85,180,2,loops-rubric-v1,true,,system,0.87
syn-expanded-widening-17-cp2-unassisted,1,syn-expanded-widening-17,python.loops,loops-set-2-unassisted,loops-set-2,week-2,2026-09-14T10:00:00Z,unassisted,written,Synthetic attempt: I started the loop at 1 and stopped before n.,0.67,300,0,loops-rubric-v1,true,,system,0.72
syn-expanded-widening-17-cp3-assisted,1,syn-expanded-widening-17,python.loops,loops-set-3-assisted,loops-set-3,week-3,2026-09-21T10:00:00Z,assisted,written,Synthetic explanation: range excludes the stop value.,0.85,180,2,loops-rubric-v1,true,,system,0.87
syn-expanded-widening-17-cp3-unassisted,1,syn-expanded-widening-17,python.loops,loops-set-3-unassisted,loops-set-3,week-3,2026-09-21T10:00:00Z,unassisted,written,Synthetic attempt: I summed one extra element past the stop bound.,0.6,300,0,loops-rubric-v1,true,,system,0.65
syn-expanded-widening-17-cp4-assisted,1,syn-expanded-widening-17,python.loops,loops-set-4-assisted,loops-set-4,week-4,2026-09-28T10:00:00Z,assisted,written,Synthetic explanation: range excludes the stop value.,0.85,180,2,loops-rubric-v1,true,,system,0.87
syn-expanded-widening-17-cp4-unassisted,1,syn-expanded-widening-17,python.loops,loops-set-4-unassisted,loops-set-4,week-4,2026-09-28T10:00:00Z,unassisted,written,Synthetic attempt: I included the stop value when tracing the loop.,0.53,300,0,loops-rubric-v1,true,,system,0.58
syn-expanded-widening-17-cp5-assisted,1,syn-expanded-widening-17,python.loops,loops-set-5-assisted,loops-set-5,week-5,2026-10-05T10:00:00Z,assisted,written,Synthetic explanation: range excludes the stop value.,0.85,180,2,loops-rubric-v1,true,,system,0.87
syn-expanded-widening-17-cp5-unassisted,1,syn-expanded-widening-17,python.loops,loops-set-5-unassisted,loops-set-5,week-5,2026-10-05T10:00:00Z,unassisted,written,Synthetic attempt: I traced range as if both bounds were inclusive.,0.46,300,0,loops-rubric-v1,true,,system,0.51
syn-expanded-widening-18-cp1-assisted,1,syn-expanded-widening-18,python.loops,loops-set-1-assisted,loops-set-1,week-1,2026-09-07T10:00:00Z,assisted,written,Synthetic explanation: range excludes the stop value.,0.85,180,2,loops-rubric-v1,true,,system,0.87
syn-expanded-widening-18-cp1-unassisted,1,syn-expanded-widening-18,python.loops,loops-set-1-unassisted,loops-set-1,week-1,2026-09-07T10:00:00Z,unassisted,written,Synthetic attempt: I traced range as if both bounds were inclusive.,0.72,300,0,loops-rubric-v1,true,,system,0.77
syn-expanded-widening-18-cp2-assisted,1,syn-expanded-widening-18,python.loops,loops-set-2-assisted,loops-set-2,week-2,2026-09-14T10:00:00Z,assisted,written,Synthetic explanation: range excludes the stop value.,0.85,180,2,loops-rubric-v1,true,,system,0.87
syn-expanded-widening-18-cp2-unassisted,1,syn-expanded-widening-18,python.loops,loops-set-2-unassisted,loops-set-2,week-2,2026-09-14T10:00:00Z,unassisted,written,Synthetic attempt: I started the loop at 1 and stopped before n.,0.65,300,0,loops-rubric-v1,true,,system,0.7
syn-expanded-widening-18-cp3-assisted,1,syn-expanded-widening-18,python.loops,loops-set-3-assisted,loops-set-3,week-3,2026-09-21T10:00:00Z,assisted,written,Synthetic explanation: range excludes the stop value.,0.85,180,2,loops-rubric-v1,true,,system,0.87
syn-expanded-widening-18-cp3-unassisted,1,syn-expanded-widening-18,python.loops,loops-set-3-unassisted,loops-set-3,week-3,2026-09-21T10:00:00Z,unassisted,written,Synthetic attempt: I summed one extra element past the stop bound.,0.58,300,0,loops-rubric-v1,true,,system,0.63
syn-expanded-widening-18-cp4-assisted,1,syn-expanded-widening-18,python.loops,loops-set-4-assisted,loops-set-4,week-4,2026-09-28T10:00:00Z,assisted,written,Synthetic explanation: range excludes the stop value.,0.85,180,2,loops-rubric-v1,true,,system,0.87
syn-expanded-widening-18-cp4-unassisted,1,syn-expanded-widening-18,python.loops,loops-set-4-unassisted,loops-set-4,week-4,2026-09-28T10:00:00Z,unassisted,written,Synthetic attempt: I included the stop value when tracing the loop.,0.51,300,0,loops-rubric-v1,true,,system,0.56
syn-expanded-widening-18-cp5-assisted,1,syn-expanded-widening-18,python.loops,loops-set-5-assisted,loops-set-5,week-5,2026-10-05T10:00:00Z,assisted,written,Synthetic explanation: range excludes the stop value.,0.85,180,2,loops-rubric-v1,true,,system,0.87
syn-expanded-widening-18-cp5-unassisted,1,syn-expanded-widening-18,python.loops,loops-set-5-unassisted,loops-set-5,week-5,2026-10-05T10:00:00Z,unassisted,written,Synthetic attempt: I traced range as if both bounds were inclusive.,0.44,300,0,loops-rubric-v1,true,,system,0.49
syn-expanded-widening-19-cp1-assisted,1,syn-expanded-widening-19,python.loops,loops-set-1-assisted,loops-set-1,week-1,2026-09-07T10:00:00Z,assisted,written,Synthetic explanation: range excludes the stop value.,0.85,180,2,loops-rubric-v1,true,,system,0.87
syn-expanded-widening-19-cp1-unassisted,1,syn-expanded-widening-19,python.loops,loops-set-1-unassisted,loops-set-1,week-1,2026-09-07T10:00:00Z,unassisted,written,Synthetic attempt: I traced range as if both bounds were inclusive.,0.78,300,0,loops-rubric-v1,true,,system,0.83
syn-expanded-widening-19-cp2-assisted,1,syn-expanded-widening-19,python.loops,loops-set-2-assisted,loops-set-2,week-2,2026-09-14T10:00:00Z,assisted,written,Synthetic explanation: range excludes the stop value.,0.85,180,2,loops-rubric-v1,true,,system,0.87
syn-expanded-widening-19-cp2-unassisted,1,syn-expanded-widening-19,python.loops,loops-set-2-unassisted,loops-set-2,week-2,2026-09-14T10:00:00Z,unassisted,written,Synthetic attempt: I started the loop at 1 and stopped before n.,0.71,300,0,loops-rubric-v1,true,,system,0.76
syn-expanded-widening-19-cp3-assisted,1,syn-expanded-widening-19,python.loops,loops-set-3-assisted,loops-set-3,week-3,2026-09-21T10:00:00Z,assisted,written,Synthetic explanation: range excludes the stop value.,0.85,180,2,loops-rubric-v1,true,,system,0.87
syn-expanded-widening-19-cp3-unassisted,1,syn-expanded-widening-19,python.loops,loops-set-3-unassisted,loops-set-3,week-3,2026-09-21T10:00:00Z,unassisted,written,Synthetic attempt: I summed one extra element past the stop bound.,0.64,300,0,loops-rubric-v1,true,,system,0.69
syn-expanded-widening-19-cp4-assisted,1,syn-expanded-widening-19,python.loops,loops-set-4-assisted,loops-set-4,week-4,2026-09-28T10:00:00Z,assisted,written,Synthetic explanation: range excludes the stop value.,0.85,180,2,loops-rubric-v1,true,,system,0.87
syn-expanded-widening-19-cp4-unassisted,1,syn-expanded-widening-19,python.loops,loops-set-4-unassisted,loops-set-4,week-4,2026-09-28T10:00:00Z,unassisted,written,Synthetic attempt: I included the stop value when tracing the loop.,0.57,300,0,loops-rubric-v1,true,,system,0.62
syn-expanded-widening-19-cp5-assisted,1,syn-expanded-widening-19,python.loops,loops-set-5-assisted,loops-set-5,week-5,2026-10-05T10:00:00Z,assisted,written,Synthetic explanation: range excludes the stop value.,0.85,180,2,loops-rubric-v1,true,,system,0.87
syn-expanded-widening-19-cp5-unassisted,1,syn-expanded-widening-19,python.loops,loops-set-5-unassisted,loops-set-5,week-5,2026-10-05T10:00:00Z,unassisted,written,Synthetic attempt: I traced range as if both bounds were inclusive.,0.5,300,0,loops-rubric-v1,true,,system,0.55
syn-expanded-widening-20-cp1-assisted,1,syn-expanded-widening-20,python.loops,loops-set-1-assisted,loops-set-1,week-1,2026-09-07T10:00:00Z,assisted,written,Synthetic explanation: range excludes the stop value.,0.85,180,2,loops-rubric-v1,true,,system,0.87
syn-expanded-widening-20-cp1-unassisted,1,syn-expanded-widening-20,python.loops,loops-set-1-unassisted,loops-set-1,week-1,2026-09-07T10:00:00Z,unassisted,written,Synthetic attempt: I traced range as if both bounds were inclusive.,0.76,300,0,loops-rubric-v1,true,,system,0.81
syn-expanded-widening-20-cp2-assisted,1,syn-expanded-widening-20,python.loops,loops-set-2-assisted,loops-set-2,week-2,2026-09-14T10:00:00Z,assisted,written,Synthetic explanation: range excludes the stop value.,0.85,180,2,loops-rubric-v1,true,,system,0.87
syn-expanded-widening-20-cp2-unassisted,1,syn-expanded-widening-20,python.loops,loops-set-2-unassisted,loops-set-2,week-2,2026-09-14T10:00:00Z,unassisted,written,Synthetic attempt: I started the loop at 1 and stopped before n.,0.69,300,0,loops-rubric-v1,true,,system,0.74
syn-expanded-widening-20-cp3-assisted,1,syn-expanded-widening-20,python.loops,loops-set-3-assisted,loops-set-3,week-3,2026-09-21T10:00:00Z,assisted,written,Synthetic explanation: range excludes the stop value.,0.85,180,2,loops-rubric-v1,true,,system,0.87
syn-expanded-widening-20-cp3-unassisted,1,syn-expanded-widening-20,python.loops,loops-set-3-unassisted,loops-set-3,week-3,2026-09-21T10:00:00Z,unassisted,written,Synthetic attempt: I summed one extra element past the stop bound.,0.62,300,0,loops-rubric-v1,true,,system,0.67
syn-expanded-widening-20-cp4-assisted,1,syn-expanded-widening-20,python.loops,loops-set-4-assisted,loops-set-4,week-4,2026-09-28T10:00:00Z,assisted,written,Synthetic explanation: range excludes the stop value.,0.85,180,2,loops-rubric-v1,true,,system,0.87
syn-expanded-widening-20-cp4-unassisted,1,syn-expanded-widening-20,python.loops,loops-set-4-unassisted,loops-set-4,week-4,2026-09-28T10:00:00Z,unassisted,written,Synthetic attempt: I included the stop value when tracing the loop.,0.55,300,0,loops-rubric-v1,true,,system,0.6
syn-expanded-widening-20-cp5-assisted,1,syn-expanded-widening-20,python.loops,loops-set-5-assisted,loops-set-5,week-5,2026-10-05T10:00:00Z,assisted,written,Synthetic explanation: range excludes the stop value.,0.85,180,2,loops-rubric-v1,true,,system,0.87
syn-expanded-widening-20-cp5-unassisted,1,syn-expanded-widening-20,python.loops,loops-set-5-unassisted,loops-set-5,week-5,2026-10-05T10:00:00Z,unassisted,written,Synthetic attempt: I traced range as if both bounds were inclusive.,0.48,300,0,loops-rubric-v1,true,,system,0.53
syn-expanded-widening-21-cp1-assisted,1,syn-expanded-widening-21,python.loops,loops-set-1-assisted,loops-set-1,week-1,2026-09-07T10:00:00Z,assisted,written,Synthetic explanation: range excludes the stop value.,0.85,180,2,loops-rubric-v1,true,,system,0.87
syn-expanded-widening-21-cp1-unassisted,1,syn-expanded-widening-21,python.loops,loops-set-1-unassisted,loops-set-1,week-1,2026-09-07T10:00:00Z,unassisted,written,Synthetic attempt: I traced range as if both bounds were inclusive.,0.74,300,0,loops-rubric-v1,true,,system,0.79
syn-expanded-widening-21-cp2-assisted,1,syn-expanded-widening-21,python.loops,loops-set-2-assisted,loops-set-2,week-2,2026-09-14T10:00:00Z,assisted,written,Synthetic explanation: range excludes the stop value.,0.85,180,2,loops-rubric-v1,true,,system,0.87
syn-expanded-widening-21-cp2-unassisted,1,syn-expanded-widening-21,python.loops,loops-set-2-unassisted,loops-set-2,week-2,2026-09-14T10:00:00Z,unassisted,written,Synthetic attempt: I started the loop at 1 and stopped before n.,0.67,300,0,loops-rubric-v1,true,,system,0.72
syn-expanded-widening-21-cp3-assisted,1,syn-expanded-widening-21,python.loops,loops-set-3-assisted,loops-set-3,week-3,2026-09-21T10:00:00Z,assisted,written,Synthetic explanation: range excludes the stop value.,0.85,180,2,loops-rubric-v1,true,,system,0.87
syn-expanded-widening-21-cp3-unassisted,1,syn-expanded-widening-21,python.loops,loops-set-3-unassisted,loops-set-3,week-3,2026-09-21T10:00:00Z,unassisted,written,Synthetic attempt: I summed one extra element past the stop bound.,0.6,300,0,loops-rubric-v1,true,,system,0.65
syn-expanded-widening-21-cp4-assisted,1,syn-expanded-widening-21,python.loops,loops-set-4-assisted,loops-set-4,week-4,2026-09-28T10:00:00Z,assisted,written,Synthetic explanation: range excludes the stop value.,0.85,180,2,loops-rubric-v1,true,,system,0.87
syn-expanded-widening-21-cp4-unassisted,1,syn-expanded-widening-21,python.loops,loops-set-4-unassisted,loops-set-4,week-4,2026-09-28T10:00:00Z,unassisted,written,Synthetic attempt: I included the stop value when tracing the loop.,0.53,300,0,loops-rubric-v1,true,,system,0.58
syn-expanded-widening-21-cp5-assisted,1,syn-expanded-widening-21,python.loops,loops-set-5-assisted,loops-set-5,week-5,2026-10-05T10:00:00Z,assisted,written,Synthetic explanation: range excludes the stop value.,0.85,180,2,loops-rubric-v1,true,,system,0.87
syn-expanded-widening-21-cp5-unassisted,1,syn-expanded-widening-21,python.loops,loops-set-5-unassisted,loops-set-5,week-5,2026-10-05T10:00:00Z,unassisted,written,Synthetic attempt: I traced range as if both bounds were inclusive.,0.46,300,0,loops-rubric-v1,true,,system,0.51
syn-expanded-widening-22-cp1-assisted,1,syn-expanded-widening-22,python.loops,loops-set-1-assisted,loops-set-1,week-1,2026-09-07T10:00:00Z,assisted,written,Synthetic explanation: range excludes the stop value.,0.85,180,2,loops-rubric-v1,true,,system,0.87
syn-expanded-widening-22-cp1-unassisted,1,syn-expanded-widening-22,python.loops,loops-set-1-unassisted,loops-set-1,week-1,2026-09-07T10:00:00Z,unassisted,written,Synthetic attempt: I traced range as if both bounds were inclusive.,0.72,300,0,loops-rubric-v1,true,,system,0.77
syn-expanded-widening-22-cp2-assisted,1,syn-expanded-widening-22,python.loops,loops-set-2-assisted,loops-set-2,week-2,2026-09-14T10:00:00Z,assisted,written,Synthetic explanation: range excludes the stop value.,0.85,180,2,loops-rubric-v1,true,,system,0.87
syn-expanded-widening-22-cp2-unassisted,1,syn-expanded-widening-22,python.loops,loops-set-2-unassisted,loops-set-2,week-2,2026-09-14T10:00:00Z,unassisted,written,Synthetic attempt: I started the loop at 1 and stopped before n.,0.65,300,0,loops-rubric-v1,true,,system,0.7
syn-expanded-widening-22-cp3-assisted,1,syn-expanded-widening-22,python.loops,loops-set-3-assisted,loops-set-3,week-3,2026-09-21T10:00:00Z,assisted,written,Synthetic explanation: range excludes the stop value.,0.85,180,2,loops-rubric-v1,true,,system,0.87
syn-expanded-widening-22-cp3-unassisted,1,syn-expanded-widening-22,python.loops,loops-set-3-unassisted,loops-set-3,week-3,2026-09-21T10:00:00Z,unassisted,written,Synthetic attempt: I summed one extra element past the stop bound.,0.58,300,0,loops-rubric-v1,true,,system,0.63
syn-expanded-widening-22-cp4-assisted,1,syn-expanded-widening-22,python.loops,loops-set-4-assisted,loops-set-4,week-4,2026-09-28T10:00:00Z,assisted,written,Synthetic explanation: range excludes the stop value.,0.85,180,2,loops-rubric-v1,true,,system,0.87
syn-expanded-widening-22-cp4-unassisted,1,syn-expanded-widening-22,python.loops,loops-set-4-unassisted,loops-set-4,week-4,2026-09-28T10:00:00Z,unassisted,written,Synthetic attempt: I included the stop value when tracing the loop.,0.51,300,0,loops-rubric-v1,true,,system,0.56
syn-expanded-widening-22-cp5-assisted,1,syn-expanded-widening-22,python.loops,loops-set-5-assisted,loops-set-5,week-5,2026-10-05T10:00:00Z,assisted,written,Synthetic explanation: range excludes the stop value.,0.85,180,2,loops-rubric-v1,true,,system,0.87
syn-expanded-widening-22-cp5-unassisted,1,syn-expanded-widening-22,python.loops,loops-set-5-unassisted,loops-set-5,week-5,2026-10-05T10:00:00Z,unassisted,written,Synthetic attempt: I traced range as if both bounds were inclusive.,0.44,300,0,loops-rubric-v1,true,,system,0.49
syn-expanded-widening-23-cp1-assisted,1,syn-expanded-widening-23,python.loops,loops-set-1-assisted,loops-set-1,week-1,2026-09-07T10:00:00Z,assisted,written,Synthetic explanation: range excludes the stop value.,0.85,180,2,loops-rubric-v1,true,,system,0.87
syn-expanded-widening-23-cp1-unassisted,1,syn-expanded-widening-23,python.loops,loops-set-1-unassisted,loops-set-1,week-1,2026-09-07T10:00:00Z,unassisted,written,Synthetic attempt: I traced range as if both bounds were inclusive.,0.78,300,0,loops-rubric-v1,true,,system,0.83
syn-expanded-widening-23-cp2-assisted,1,syn-expanded-widening-23,python.loops,loops-set-2-assisted,loops-set-2,week-2,2026-09-14T10:00:00Z,assisted,written,Synthetic explanation: range excludes the stop value.,0.85,180,2,loops-rubric-v1,true,,system,0.87
syn-expanded-widening-23-cp2-unassisted,1,syn-expanded-widening-23,python.loops,loops-set-2-unassisted,loops-set-2,week-2,2026-09-14T10:00:00Z,unassisted,written,Synthetic attempt: I started the loop at 1 and stopped before n.,0.71,300,0,loops-rubric-v1,true,,system,0.76
syn-expanded-widening-23-cp3-assisted,1,syn-expanded-widening-23,python.loops,loops-set-3-assisted,loops-set-3,week-3,2026-09-21T10:00:00Z,assisted,written,Synthetic explanation: range excludes the stop value.,0.85,180,2,loops-rubric-v1,true,,system,0.87
syn-expanded-widening-23-cp3-unassisted,1,syn-expanded-widening-23,python.loops,loops-set-3-unassisted,loops-set-3,week-3,2026-09-21T10:00:00Z,unassisted,written,Synthetic attempt: I summed one extra element past the stop bound.,0.64,300,0,loops-rubric-v1,true,,system,0.69
syn-expanded-widening-23-cp4-assisted,1,syn-expanded-widening-23,python.loops,loops-set-4-assisted,loops-set-4,week-4,2026-09-28T10:00:00Z,assisted,written,Synthetic explanation: range excludes the stop value.,0.85,180,2,loops-rubric-v1,true,,system,0.87
syn-expanded-widening-23-cp4-unassisted,1,syn-expanded-widening-23,python.loops,loops-set-4-unassisted,loops-set-4,week-4,2026-09-28T10:00:00Z,unassisted,written,Synthetic attempt: I included the stop value when tracing the loop.,0.57,300,0,loops-rubric-v1,true,,system,0.62
syn-expanded-widening-23-cp5-assisted,1,syn-expanded-widening-23,python.loops,loops-set-5-assisted,loops-set-5,week-5,2026-10-05T10:00:00Z,assisted,written,Synthetic explanation: range excludes the stop value.,0.85,180,2,loops-rubric-v1,true,,system,0.87
syn-expanded-widening-23-cp5-unassisted,1,syn-expanded-widening-23,python.loops,loops-set-5-unassisted,loops-set-5,week-5,2026-10-05T10:00:00Z,unassisted,written,Synthetic attempt: I traced range as if both bounds were inclusive.,0.5,300,0,loops-rubric-v1,true,,system,0.55
syn-expanded-widening-24-cp1-assisted,1,syn-expanded-widening-24,python.loops,loops-set-1-assisted,loops-set-1,week-1,2026-09-07T10:00:00Z,assisted,written,Synthetic explanation: range excludes the stop value.,0.85,180,2,loops-rubric-v1,true,,system,0.87
syn-expanded-widening-24-cp1-unassisted,1,syn-expanded-widening-24,python.loops,loops-set-1-unassisted,loops-set-1,week-1,2026-09-07T10:00:00Z,unassisted,written,Synthetic attempt: I traced range as if both bounds were inclusive.,0.76,300,0,loops-rubric-v1,true,,system,0.81
syn-expanded-widening-24-cp2-assisted,1,syn-expanded-widening-24,python.loops,loops-set-2-assisted,loops-set-2,week-2,2026-09-14T10:00:00Z,assisted,written,Synthetic explanation: range excludes the stop value.,0.85,180,2,loops-rubric-v1,true,,system,0.87
syn-expanded-widening-24-cp2-unassisted,1,syn-expanded-widening-24,python.loops,loops-set-2-unassisted,loops-set-2,week-2,2026-09-14T10:00:00Z,unassisted,written,Synthetic attempt: I started the loop at 1 and stopped before n.,0.69,300,0,loops-rubric-v1,true,,system,0.74
syn-expanded-widening-24-cp3-assisted,1,syn-expanded-widening-24,python.loops,loops-set-3-assisted,loops-set-3,week-3,2026-09-21T10:00:00Z,assisted,written,Synthetic explanation: range excludes the stop value.,0.85,180,2,loops-rubric-v1,true,,system,0.87
syn-expanded-widening-24-cp3-unassisted,1,syn-expanded-widening-24,python.loops,loops-set-3-unassisted,loops-set-3,week-3,2026-09-21T10:00:00Z,unassisted,written,Synthetic attempt: I summed one extra element past the stop bound.,0.62,300,0,loops-rubric-v1,true,,system,0.67
syn-expanded-widening-24-cp4-assisted,1,syn-expanded-widening-24,python.loops,loops-set-4-assisted,loops-set-4,week-4,2026-09-28T10:00:00Z,assisted,written,Synthetic explanation: range excludes the stop value.,0.85,180,2,loops-rubric-v1,true,,system,0.87
syn-expanded-widening-24-cp4-unassisted,1,syn-expanded-widening-24,python.loops,loops-set-4-unassisted,loops-set-4,week-4,2026-09-28T10:00:00Z,unassisted,written,Synthetic attempt: I included the stop value when tracing the loop.,0.55,300,0,loops-rubric-v1,true,,system,0.6
syn-expanded-widening-24-cp5-assisted,1,syn-expanded-widening-24,python.loops,loops-set-5-assisted,loops-set-5,week-5,2026-10-05T10:00:00Z,assisted,written,Synthetic explanation: range excludes the stop value.,0.85,180,2,loops-rubric-v1,true,,system,0.87
syn-expanded-widening-24-cp5-unassisted,1,syn-expanded-widening-24,python.loops,loops-set-5-unassisted,loops-set-5,week-5,2026-10-05T10:00:00Z,unassisted,written,Synthetic attempt: I traced range as if both bounds were inclusive.,0.48,300,0,loops-rubric-v1,true,,system,0.53
syn-expanded-widening-25-cp1-assisted,1,syn-expanded-widening-25,python.loops,loops-set-1-assisted,loops-set-1,week-1,2026-09-07T10:00:00Z,assisted,written,Synthetic explanation: range excludes the stop value.,0.85,180,2,loops-rubric-v1,true,,system,0.87
syn-expanded-widening-25-cp1-unassisted,1,syn-expanded-widening-25,python.loops,loops-set-1-unassisted,loops-set-1,week-1,2026-09-07T10:00:00Z,unassisted,written,Synthetic attempt: I traced range as if both bounds were inclusive.,0.74,300,0,loops-rubric-v1,true,,system,0.79
syn-expanded-widening-25-cp2-assisted,1,syn-expanded-widening-25,python.loops,loops-set-2-assisted,loops-set-2,week-2,2026-09-14T10:00:00Z,assisted,written,Synthetic explanation: range excludes the stop value.,0.85,180,2,loops-rubric-v1,true,,system,0.87
syn-expanded-widening-25-cp2-unassisted,1,syn-expanded-widening-25,python.loops,loops-set-2-unassisted,loops-set-2,week-2,2026-09-14T10:00:00Z,unassisted,written,Synthetic attempt: I started the loop at 1 and stopped before n.,0.67,300,0,loops-rubric-v1,true,,system,0.72
syn-expanded-widening-25-cp3-assisted,1,syn-expanded-widening-25,python.loops,loops-set-3-assisted,loops-set-3,week-3,2026-09-21T10:00:00Z,assisted,written,Synthetic explanation: range excludes the stop value.,0.85,180,2,loops-rubric-v1,true,,system,0.87
syn-expanded-widening-25-cp3-unassisted,1,syn-expanded-widening-25,python.loops,loops-set-3-unassisted,loops-set-3,week-3,2026-09-21T10:00:00Z,unassisted,written,Synthetic attempt: I summed one extra element past the stop bound.,0.6,300,0,loops-rubric-v1,true,,system,0.65
syn-expanded-widening-25-cp4-assisted,1,syn-expanded-widening-25,python.loops,loops-set-4-assisted,loops-set-4,week-4,2026-09-28T10:00:00Z,assisted,written,Synthetic explanation: range excludes the stop value.,0.85,180,2,loops-rubric-v1,true,,system,0.87
syn-expanded-widening-25-cp4-unassisted,1,syn-expanded-widening-25,python.loops,loops-set-4-unassisted,loops-set-4,week-4,2026-09-28T10:00:00Z,unassisted,written,Synthetic attempt: I included the stop value when tracing the loop.,0.53,300,0,loops-rubric-v1,true,,system,0.58
syn-expanded-widening-25-cp5-assisted,1,syn-expanded-widening-25,python.loops,loops-set-5-assisted,loops-set-5,week-5,2026-10-05T10:00:00Z,assisted,written,Synthetic explanation: range excludes the stop value.,0.85,180,2,loops-rubric-v1,true,,system,0.87
syn-expanded-widening-25-cp5-unassisted,1,syn-expanded-widening-25,python.loops,loops-set-5-unassisted,loops-set-5,week-5,2026-10-05T10:00:00Z,unassisted,written,Synthetic attempt: I traced range as if both bounds were inclusive.,0.46,300,0,loops-rubric-v1,true,,system,0.51
syn-expanded-widening-26-cp1-assisted,1,syn-expanded-widening-26,python.loops,loops-set-1-assisted,loops-set-1,week-1,2026-09-07T10:00:00Z,assisted,written,Synthetic explanation: range excludes the stop value.,0.85,180,2,loops-rubric-v1,true,,system,0.87
syn-expanded-widening-26-cp1-unassisted,1,syn-expanded-widening-26,python.loops,loops-set-1-unassisted,loops-set-1,week-1,2026-09-07T10:00:00Z,unassisted,written,Synthetic attempt: I traced range as if both bounds were inclusive.,0.72,300,0,loops-rubric-v1,true,,system,0.77
syn-expanded-widening-26-cp2-assisted,1,syn-expanded-widening-26,python.loops,loops-set-2-assisted,loops-set-2,week-2,2026-09-14T10:00:00Z,assisted,written,Synthetic explanation: range excludes the stop value.,0.85,180,2,loops-rubric-v1,true,,system,0.87
syn-expanded-widening-26-cp2-unassisted,1,syn-expanded-widening-26,python.loops,loops-set-2-unassisted,loops-set-2,week-2,2026-09-14T10:00:00Z,unassisted,written,Synthetic attempt: I started the loop at 1 and stopped before n.,0.65,300,0,loops-rubric-v1,true,,system,0.7
syn-expanded-widening-26-cp3-assisted,1,syn-expanded-widening-26,python.loops,loops-set-3-assisted,loops-set-3,week-3,2026-09-21T10:00:00Z,assisted,written,Synthetic explanation: range excludes the stop value.,0.85,180,2,loops-rubric-v1,true,,system,0.87
syn-expanded-widening-26-cp3-unassisted,1,syn-expanded-widening-26,python.loops,loops-set-3-unassisted,loops-set-3,week-3,2026-09-21T10:00:00Z,unassisted,written,Synthetic attempt: I summed one extra element past the stop bound.,0.58,300,0,loops-rubric-v1,true,,system,0.63
syn-expanded-widening-26-cp4-assisted,1,syn-expanded-widening-26,python.loops,loops-set-4-assisted,loops-set-4,week-4,2026-09-28T10:00:00Z,assisted,written,Synthetic explanation: range excludes the stop value.,0.85,180,2,loops-rubric-v1,true,,system,0.87
syn-expanded-widening-26-cp4-unassisted,1,syn-expanded-widening-26,python.loops,loops-set-4-unassisted,loops-set-4,week-4,2026-09-28T10:00:00Z,unassisted,written,Synthetic attempt: I included the stop value when tracing the loop.,0.51,300,0,loops-rubric-v1,true,,system,0.56
syn-expanded-widening-26-cp5-assisted,1,syn-expanded-widening-26,python.loops,loops-set-5-assisted,loops-set-5,week-5,2026-10-05T10:00:00Z,assisted,written,Synthetic explanation: range excludes the stop value.,0.85,180,2,loops-rubric-v1,true,,system,0.87
syn-expanded-widening-26-cp5-unassisted,1,syn-expanded-widening-26,python.loops,loops-set-5-unassisted,loops-set-5,week-5,2026-10-05T10:00:00Z,unassisted,written,Synthetic attempt: I traced range as if both bounds were inclusive.,0.44,300,0,loops-rubric-v1,true,,system,0.49
syn-expanded-widening-27-cp1-assisted,1,syn-expanded-widening-27,python.loops,loops-set-1-assisted,loops-set-1,week-1,2026-09-07T10:00:00Z,assisted,written,Synthetic explanation: range excludes the stop value.,0.85,180,2,loops-rubric-v1,true,,system,0.87
syn-expanded-widening-27-cp1-unassisted,1,syn-expanded-widening-27,python.loops,loops-set-1-unassisted,loops-set-1,week-1,2026-09-07T10:00:00Z,unassisted,written,Synthetic attempt: I traced range as if both bounds were inclusive.,0.78,300,0,loops-rubric-v1,true,,system,0.83
syn-expanded-widening-27-cp2-assisted,1,syn-expanded-widening-27,python.loops,loops-set-2-assisted,loops-set-2,week-2,2026-09-14T10:00:00Z,assisted,written,Synthetic explanation: range excludes the stop value.,0.85,180,2,loops-rubric-v1,true,,system,0.87
syn-expanded-widening-27-cp2-unassisted,1,syn-expanded-widening-27,python.loops,loops-set-2-unassisted,loops-set-2,week-2,2026-09-14T10:00:00Z,unassisted,written,Synthetic attempt: I started the loop at 1 and stopped before n.,0.71,300,0,loops-rubric-v1,true,,system,0.76
syn-expanded-widening-27-cp3-assisted,1,syn-expanded-widening-27,python.loops,loops-set-3-assisted,loops-set-3,week-3,2026-09-21T10:00:00Z,assisted,written,Synthetic explanation: range excludes the stop value.,0.85,180,2,loops-rubric-v1,true,,system,0.87
syn-expanded-widening-27-cp3-unassisted,1,syn-expanded-widening-27,python.loops,loops-set-3-unassisted,loops-set-3,week-3,2026-09-21T10:00:00Z,unassisted,written,Synthetic attempt: I summed one extra element past the stop bound.,0.64,300,0,loops-rubric-v1,true,,system,0.69
syn-expanded-widening-27-cp4-assisted,1,syn-expanded-widening-27,python.loops,loops-set-4-assisted,loops-set-4,week-4,2026-09-28T10:00:00Z,assisted,written,Synthetic explanation: range excludes the stop value.,0.85,180,2,loops-rubric-v1,true,,system,0.87
syn-expanded-widening-27-cp4-unassisted,1,syn-expanded-widening-27,python.loops,loops-set-4-unassisted,loops-set-4,week-4,2026-09-28T10:00:00Z,unassisted,written,Synthetic attempt: I included the stop value when tracing the loop.,0.57,300,0,loops-rubric-v1,true,,system,0.62
syn-expanded-widening-27-cp5-assisted,1,syn-expanded-widening-27,python.loops,loops-set-5-assisted,loops-set-5,week-5,2026-10-05T10:00:00Z,assisted,written,Synthetic explanation: range excludes the stop value.,0.85,180,2,loops-rubric-v1,true,,system,0.87
syn-expanded-widening-27-cp5-unassisted,1,syn-expanded-widening-27,python.loops,loops-set-5-unassisted,loops-set-5,week-5,2026-10-05T10:00:00Z,unassisted,written,Synthetic attempt: I traced range as if both bounds were inclusive.,0.5,300,0,loops-rubric-v1,true,,system,0.55
syn-expanded-widening-28-cp1-assisted,1,syn-expanded-widening-28,python.loops,loops-set-1-assisted,loops-set-1,week-1,2026-09-07T10:00:00Z,assisted,written,Synthetic explanation: range excludes the stop value.,0.85,180,2,loops-rubric-v1,true,,system,0.87
syn-expanded-widening-28-cp1-unassisted,1,syn-expanded-widening-28,python.loops,loops-set-1-unassisted,loops-set-1,week-1,2026-09-07T10:00:00Z,unassisted,written,Synthetic attempt: I traced range as if both bounds were inclusive.,0.76,300,0,loops-rubric-v1,true,,system,0.81
syn-expanded-widening-28-cp2-assisted,1,syn-expanded-widening-28,python.loops,loops-set-2-assisted,loops-set-2,week-2,2026-09-14T10:00:00Z,assisted,written,Synthetic explanation: range excludes the stop value.,0.85,180,2,loops-rubric-v1,true,,system,0.87
syn-expanded-widening-28-cp2-unassisted,1,syn-expanded-widening-28,python.loops,loops-set-2-unassisted,loops-set-2,week-2,2026-09-14T10:00:00Z,unassisted,written,Synthetic attempt: I started the loop at 1 and stopped before n.,0.69,300,0,loops-rubric-v1,true,,system,0.74
syn-expanded-widening-28-cp3-assisted,1,syn-expanded-widening-28,python.loops,loops-set-3-assisted,loops-set-3,week-3,2026-09-21T10:00:00Z,assisted,written,Synthetic explanation: range excludes the stop value.,0.85,180,2,loops-rubric-v1,true,,system,0.87
syn-expanded-widening-28-cp3-unassisted,1,syn-expanded-widening-28,python.loops,loops-set-3-unassisted,loops-set-3,week-3,2026-09-21T10:00:00Z,unassisted,written,Synthetic attempt: I summed one extra element past the stop bound.,0.62,300,0,loops-rubric-v1,true,,system,0.67
syn-expanded-widening-28-cp4-assisted,1,syn-expanded-widening-28,python.loops,loops-set-4-assisted,loops-set-4,week-4,2026-09-28T10:00:00Z,assisted,written,Synthetic explanation: range excludes the stop value.,0.85,180,2,loops-rubric-v1,true,,system,0.87
syn-expanded-widening-28-cp4-unassisted,1,syn-expanded-widening-28,python.loops,loops-set-4-unassisted,loops-set-4,week-4,2026-09-28T10:00:00Z,unassisted,written,Synthetic attempt: I included the stop value when tracing the loop.,0.55,300,0,loops-rubric-v1,true,,system,0.6
syn-expanded-widening-28-cp5-assisted,1,syn-expanded-widening-28,python.loops,loops-set-5-assisted,loops-set-5,week-5,2026-10-05T10:00:00Z,assisted,written,Synthetic explanation: range excludes the stop value.,0.85,180,2,loops-rubric-v1,true,,system,0.87
syn-expanded-widening-28-cp5-unassisted,1,syn-expanded-widening-28,python.loops,loops-set-5-unassisted,loops-set-5,week-5,2026-10-05T10:00:00Z,unassisted,written,Synthetic attempt: I traced range as if both bounds were inclusive.,0.48,300,0,loops-rubric-v1,true,,system,0.53
syn-expanded-widening-29-cp1-assisted,1,syn-expanded-widening-29,python.loops,loops-set-1-assisted,loops-set-1,week-1,2026-09-07T10:00:00Z,assisted,written,Synthetic explanation: range excludes the stop value.,0.85,180,2,loops-rubric-v1,true,,system,0.87
syn-expanded-widening-29-cp1-unassisted,1,syn-expanded-widening-29,python.loops,loops-set-1-unassisted,loops-set-1,week-1,2026-09-07T10:00:00Z,unassisted,written,Synthetic attempt: I traced range as if both bounds were inclusive.,0.74,300,0,loops-rubric-v1,true,,system,0.79
syn-expanded-widening-29-cp2-assisted,1,syn-expanded-widening-29,python.loops,loops-set-2-assisted,loops-set-2,week-2,2026-09-14T10:00:00Z,assisted,written,Synthetic explanation: range excludes the stop value.,0.85,180,2,loops-rubric-v1,true,,system,0.87
syn-expanded-widening-29-cp2-unassisted,1,syn-expanded-widening-29,python.loops,loops-set-2-unassisted,loops-set-2,week-2,2026-09-14T10:00:00Z,unassisted,written,Synthetic attempt: I started the loop at 1 and stopped before n.,0.67,300,0,loops-rubric-v1,true,,system,0.72
syn-expanded-widening-29-cp3-assisted,1,syn-expanded-widening-29,python.loops,loops-set-3-assisted,loops-set-3,week-3,2026-09-21T10:00:00Z,assisted,written,Synthetic explanation: range excludes the stop value.,0.85,180,2,loops-rubric-v1,true,,system,0.87
syn-expanded-widening-29-cp3-unassisted,1,syn-expanded-widening-29,python.loops,loops-set-3-unassisted,loops-set-3,week-3,2026-09-21T10:00:00Z,unassisted,written,Synthetic attempt: I summed one extra element past the stop bound.,0.6,300,0,loops-rubric-v1,true,,system,0.65
syn-expanded-widening-29-cp4-assisted,1,syn-expanded-widening-29,python.loops,loops-set-4-assisted,loops-set-4,week-4,2026-09-28T10:00:00Z,assisted,written,Synthetic explanation: range excludes the stop value.,0.85,180,2,loops-rubric-v1,true,,system,0.87
syn-expanded-widening-29-cp4-unassisted,1,syn-expanded-widening-29,python.loops,loops-set-4-unassisted,loops-set-4,week-4,2026-09-28T10:00:00Z,unassisted,written,Synthetic attempt: I included the stop value when tracing the loop.,0.53,300,0,loops-rubric-v1,true,,system,0.58
syn-expanded-widening-29-cp5-assisted,1,syn-expanded-widening-29,python.loops,loops-set-5-assisted,loops-set-5,week-5,2026-10-05T10:00:00Z,assisted,written,Synthetic explanation: range excludes the stop value.,0.85,180,2,loops-rubric-v1,true,,system,0.87
syn-expanded-widening-29-cp5-unassisted,1,syn-expanded-widening-29,python.loops,loops-set-5-unassisted,loops-set-5,week-5,2026-10-05T10:00:00Z,unassisted,written,Synthetic attempt: I traced range as if both bounds were inclusive.,0.46,300,0,loops-rubric-v1,true,,system,0.51
syn-expanded-widening-30-cp1-assisted,1,syn-expanded-widening-30,python.loops,loops-set-1-assisted,loops-set-1,week-1,2026-09-07T10:00:00Z,assisted,written,Synthetic explanation: range excludes the stop value.,0.85,180,2,loops-rubric-v1,true,,system,0.87
syn-expanded-widening-30-cp1-unassisted,1,syn-expanded-widening-30,python.loops,loops-set-1-unassisted,loops-set-1,week-1,2026-09-07T10:00:00Z,unassisted,written,Synthetic attempt: I traced range as if both bounds were inclusive.,0.72,300,0,loops-rubric-v1,true,,system,0.77
syn-expanded-widening-30-cp2-assisted,1,syn-expanded-widening-30,python.loops,loops-set-2-assisted,loops-set-2,week-2,2026-09-14T10:00:00Z,assisted,written,Synthetic explanation: range excludes the stop value.,0.85,180,2,loops-rubric-v1,true,,system,0.87
syn-expanded-widening-30-cp2-unassisted,1,syn-expanded-widening-30,python.loops,loops-set-2-unassisted,loops-set-2,week-2,2026-09-14T10:00:00Z,unassisted,written,Synthetic attempt: I started the loop at 1 and stopped before n.,0.65,300,0,loops-rubric-v1,true,,system,0.7
syn-expanded-widening-30-cp3-assisted,1,syn-expanded-widening-30,python.loops,loops-set-3-assisted,loops-set-3,week-3,2026-09-21T10:00:00Z,assisted,written,Synthetic explanation: range excludes the stop value.,0.85,180,2,loops-rubric-v1,true,,system,0.87
syn-expanded-widening-30-cp3-unassisted,1,syn-expanded-widening-30,python.loops,loops-set-3-unassisted,loops-set-3,week-3,2026-09-21T10:00:00Z,unassisted,written,Synthetic attempt: I summed one extra element past the stop bound.,0.58,300,0,loops-rubric-v1,true,,system,0.63
syn-expanded-widening-30-cp4-assisted,1,syn-expanded-widening-30,python.loops,loops-set-4-assisted,loops-set-4,week-4,2026-09-28T10:00:00Z,assisted,written,Synthetic explanation: range excludes the stop value.,0.85,180,2,loops-rubric-v1,true,,system,0.87
syn-expanded-widening-30-cp4-unassisted,1,syn-expanded-widening-30,python.loops,loops-set-4-unassisted,loops-set-4,week-4,2026-09-28T10:00:00Z,unassisted,written,Synthetic attempt: I included the stop value when tracing the loop.,0.51,300,0,loops-rubric-v1,true,,system,0.56
syn-expanded-widening-30-cp5-assisted,1,syn-expanded-widening-30,python.loops,loops-set-5-assisted,loops-set-5,week-5,2026-10-05T10:00:00Z,assisted,written,Synthetic explanation: range excludes the stop value.,0.85,180,2,loops-rubric-v1,true,,system,0.87
syn-expanded-widening-30-cp5-unassisted,1,syn-expanded-widening-30,python.loops,loops-set-5-unassisted,loops-set-5,week-5,2026-10-05T10:00:00Z,unassisted,written,Synthetic attempt: I traced range as if both bounds were inclusive.,0.44,300,0,loops-rubric-v1,true,,system,0.49
syn-expanded-widening-31-cp1-assisted,1,syn-expanded-widening-31,python.loops,loops-set-1-assisted,loops-set-1,week-1,2026-09-07T10:00:00Z,assisted,written,Synthetic explanation: range excludes the stop value.,0.85,180,2,loops-rubric-v1,true,,system,0.87
syn-expanded-widening-31-cp1-unassisted,1,syn-expanded-widening-31,python.loops,loops-set-1-unassisted,loops-set-1,week-1,2026-09-07T10:00:00Z,unassisted,written,Synthetic attempt: I traced range as if both bounds were inclusive.,0.78,300,0,loops-rubric-v1,true,,system,0.83
syn-expanded-widening-31-cp2-assisted,1,syn-expanded-widening-31,python.loops,loops-set-2-assisted,loops-set-2,week-2,2026-09-14T10:00:00Z,assisted,written,Synthetic explanation: range excludes the stop value.,0.85,180,2,loops-rubric-v1,true,,system,0.87
syn-expanded-widening-31-cp2-unassisted,1,syn-expanded-widening-31,python.loops,loops-set-2-unassisted,loops-set-2,week-2,2026-09-14T10:00:00Z,unassisted,written,Synthetic attempt: I started the loop at 1 and stopped before n.,0.71,300,0,loops-rubric-v1,true,,system,0.76
syn-expanded-widening-31-cp3-assisted,1,syn-expanded-widening-31,python.loops,loops-set-3-assisted,loops-set-3,week-3,2026-09-21T10:00:00Z,assisted,written,Synthetic explanation: range excludes the stop value.,0.85,180,2,loops-rubric-v1,true,,system,0.87
syn-expanded-widening-31-cp3-unassisted,1,syn-expanded-widening-31,python.loops,loops-set-3-unassisted,loops-set-3,week-3,2026-09-21T10:00:00Z,unassisted,written,Synthetic attempt: I summed one extra element past the stop bound.,0.64,300,0,loops-rubric-v1,true,,system,0.69
syn-expanded-widening-31-cp4-assisted,1,syn-expanded-widening-31,python.loops,loops-set-4-assisted,loops-set-4,week-4,2026-09-28T10:00:00Z,assisted,written,Synthetic explanation: range excludes the stop value.,0.85,180,2,loops-rubric-v1,true,,system,0.87
syn-expanded-widening-31-cp4-unassisted,1,syn-expanded-widening-31,python.loops,loops-set-4-unassisted,loops-set-4,week-4,2026-09-28T10:00:00Z,unassisted,written,Synthetic attempt: I included the stop value when tracing the loop.,0.57,300,0,loops-rubric-v1,true,,system,0.62
syn-expanded-widening-31-cp5-assisted,1,syn-expanded-widening-31,python.loops,loops-set-5-assisted,loops-set-5,week-5,2026-10-05T10:00:00Z,assisted,written,Synthetic explanation: range excludes the stop value.,0.85,180,2,loops-rubric-v1,true,,system,0.87
syn-expanded-widening-31-cp5-unassisted,1,syn-expanded-widening-31,python.loops,loops-set-5-unassisted,loops-set-5,week-5,2026-10-05T10:00:00Z,unassisted,written,Synthetic attempt: I traced range as if both bounds were inclusive.,0.5,300,0,loops-rubric-v1,true,,system,0.55
syn-expanded-narrowing-1-cp1-assisted,1,syn-expanded-narrowing-1,python.loops,loops-set-1-assisted,loops-set-1,week-1,2026-09-07T10:00:00Z,assisted,written,Synthetic explanation: range excludes the stop value.,0.85,180,2,loops-rubric-v1,true,,system,0.87
syn-expanded-narrowing-1-cp1-unassisted,1,syn-expanded-narrowing-1,python.loops,loops-set-1-unassisted,loops-set-1,week-1,2026-09-07T10:00:00Z,unassisted,written,Synthetic attempt: I traced range as if both bounds were inclusive.,0.42,300,0,loops-rubric-v1,true,,system,0.47
syn-expanded-narrowing-1-cp2-assisted,1,syn-expanded-narrowing-1,python.loops,loops-set-2-assisted,loops-set-2,week-2,2026-09-14T10:00:00Z,assisted,written,Synthetic explanation: range excludes the stop value.,0.85,180,2,loops-rubric-v1,true,,system,0.87
syn-expanded-narrowing-1-cp2-unassisted,1,syn-expanded-narrowing-1,python.loops,loops-set-2-unassisted,loops-set-2,week-2,2026-09-14T10:00:00Z,unassisted,written,Synthetic attempt: I started the loop at 1 and stopped before n.,0.49,300,0,loops-rubric-v1,true,,system,0.54
syn-expanded-narrowing-1-cp3-assisted,1,syn-expanded-narrowing-1,python.loops,loops-set-3-assisted,loops-set-3,week-3,2026-09-21T10:00:00Z,assisted,written,Synthetic explanation: range excludes the stop value.,0.85,180,2,loops-rubric-v1,true,,system,0.87
syn-expanded-narrowing-1-cp3-unassisted,1,syn-expanded-narrowing-1,python.loops,loops-set-3-unassisted,loops-set-3,week-3,2026-09-21T10:00:00Z,unassisted,written,Synthetic attempt: I summed one extra element past the stop bound.,0.56,300,0,loops-rubric-v1,true,,system,0.61
syn-expanded-narrowing-1-cp4-assisted,1,syn-expanded-narrowing-1,python.loops,loops-set-4-assisted,loops-set-4,week-4,2026-09-28T10:00:00Z,assisted,written,Synthetic explanation: range excludes the stop value.,0.85,180,2,loops-rubric-v1,true,,system,0.87
syn-expanded-narrowing-1-cp4-unassisted,1,syn-expanded-narrowing-1,python.loops,loops-set-4-unassisted,loops-set-4,week-4,2026-09-28T10:00:00Z,unassisted,written,Synthetic attempt: I included the stop value when tracing the loop.,0.63,300,0,loops-rubric-v1,true,,system,0.68
syn-expanded-narrowing-1-cp5-assisted,1,syn-expanded-narrowing-1,python.loops,loops-set-5-assisted,loops-set-5,week-5,2026-10-05T10:00:00Z,assisted,written,Synthetic explanation: range excludes the stop value.,0.85,180,2,loops-rubric-v1,true,,system,0.87
syn-expanded-narrowing-1-cp5-unassisted,1,syn-expanded-narrowing-1,python.loops,loops-set-5-unassisted,loops-set-5,week-5,2026-10-05T10:00:00Z,unassisted,written,Synthetic attempt: I traced range as if both bounds were inclusive.,0.7,300,0,loops-rubric-v1,true,,system,0.75
syn-expanded-narrowing-1-cp6-assisted,1,syn-expanded-narrowing-1,python.loops,loops-set-6-assisted,loops-set-6,week-6,2026-10-12T10:00:00Z,assisted,written,Synthetic explanation: range excludes the stop value.,0.85,180,2,loops-rubric-v1,true,,system,0.87
syn-expanded-narrowing-1-cp6-unassisted,1,syn-expanded-narrowing-1,python.loops,loops-set-6-unassisted,loops-set-6,week-6,2026-10-12T10:00:00Z,unassisted,written,Synthetic attempt: I started the loop at 1 and stopped before n.,0.77,300,0,loops-rubric-v1,true,,system,0.82
syn-expanded-narrowing-1-cp7-assisted,1,syn-expanded-narrowing-1,python.loops,loops-set-7-assisted,loops-set-7,week-7,2026-10-19T10:00:00Z,assisted,written,Synthetic explanation: range excludes the stop value.,0.85,180,2,loops-rubric-v1,true,,system,0.87
syn-expanded-narrowing-1-cp7-unassisted,1,syn-expanded-narrowing-1,python.loops,loops-set-7-unassisted,loops-set-7,week-7,2026-10-19T10:00:00Z,unassisted,written,Synthetic attempt: I summed one extra element past the stop bound.,0.84,300,0,loops-rubric-v1,true,,system,0.89
syn-expanded-narrowing-2-cp1-assisted,1,syn-expanded-narrowing-2,python.loops,loops-set-1-assisted,loops-set-1,week-1,2026-09-07T10:00:00Z,assisted,written,Synthetic explanation: range excludes the stop value.,0.85,180,2,loops-rubric-v1,true,,system,0.87
syn-expanded-narrowing-2-cp1-unassisted,1,syn-expanded-narrowing-2,python.loops,loops-set-1-unassisted,loops-set-1,week-1,2026-09-07T10:00:00Z,unassisted,written,Synthetic attempt: I traced range as if both bounds were inclusive.,0.44,300,0,loops-rubric-v1,true,,system,0.49
syn-expanded-narrowing-2-cp2-assisted,1,syn-expanded-narrowing-2,python.loops,loops-set-2-assisted,loops-set-2,week-2,2026-09-14T10:00:00Z,assisted,written,Synthetic explanation: range excludes the stop value.,0.85,180,2,loops-rubric-v1,true,,system,0.87
syn-expanded-narrowing-2-cp2-unassisted,1,syn-expanded-narrowing-2,python.loops,loops-set-2-unassisted,loops-set-2,week-2,2026-09-14T10:00:00Z,unassisted,written,Synthetic attempt: I started the loop at 1 and stopped before n.,0.51,300,0,loops-rubric-v1,true,,system,0.56
syn-expanded-narrowing-2-cp3-assisted,1,syn-expanded-narrowing-2,python.loops,loops-set-3-assisted,loops-set-3,week-3,2026-09-21T10:00:00Z,assisted,written,Synthetic explanation: range excludes the stop value.,0.85,180,2,loops-rubric-v1,true,,system,0.87
syn-expanded-narrowing-2-cp3-unassisted,1,syn-expanded-narrowing-2,python.loops,loops-set-3-unassisted,loops-set-3,week-3,2026-09-21T10:00:00Z,unassisted,written,Synthetic attempt: I summed one extra element past the stop bound.,0.58,300,0,loops-rubric-v1,true,,system,0.63
syn-expanded-narrowing-2-cp4-assisted,1,syn-expanded-narrowing-2,python.loops,loops-set-4-assisted,loops-set-4,week-4,2026-09-28T10:00:00Z,assisted,written,Synthetic explanation: range excludes the stop value.,0.85,180,2,loops-rubric-v1,true,,system,0.87
syn-expanded-narrowing-2-cp4-unassisted,1,syn-expanded-narrowing-2,python.loops,loops-set-4-unassisted,loops-set-4,week-4,2026-09-28T10:00:00Z,unassisted,written,Synthetic attempt: I included the stop value when tracing the loop.,0.65,300,0,loops-rubric-v1,true,,system,0.7
syn-expanded-narrowing-2-cp5-assisted,1,syn-expanded-narrowing-2,python.loops,loops-set-5-assisted,loops-set-5,week-5,2026-10-05T10:00:00Z,assisted,written,Synthetic explanation: range excludes the stop value.,0.85,180,2,loops-rubric-v1,true,,system,0.87
syn-expanded-narrowing-2-cp5-unassisted,1,syn-expanded-narrowing-2,python.loops,loops-set-5-unassisted,loops-set-5,week-5,2026-10-05T10:00:00Z,unassisted,written,Synthetic attempt: I traced range as if both bounds were inclusive.,0.72,300,0,loops-rubric-v1,true,,system,0.77
syn-expanded-narrowing-3-cp1-assisted,1,syn-expanded-narrowing-3,python.loops,loops-set-1-assisted,loops-set-1,week-1,2026-09-07T10:00:00Z,assisted,written,Synthetic explanation: range excludes the stop value.,0.85,180,2,loops-rubric-v1,true,,system,0.87
syn-expanded-narrowing-3-cp1-unassisted,1,syn-expanded-narrowing-3,python.loops,loops-set-1-unassisted,loops-set-1,week-1,2026-09-07T10:00:00Z,unassisted,written,Synthetic attempt: I traced range as if both bounds were inclusive.,0.46,300,0,loops-rubric-v1,true,,system,0.51
syn-expanded-narrowing-3-cp2-assisted,1,syn-expanded-narrowing-3,python.loops,loops-set-2-assisted,loops-set-2,week-2,2026-09-14T10:00:00Z,assisted,written,Synthetic explanation: range excludes the stop value.,0.85,180,2,loops-rubric-v1,true,,system,0.87
syn-expanded-narrowing-3-cp2-unassisted,1,syn-expanded-narrowing-3,python.loops,loops-set-2-unassisted,loops-set-2,week-2,2026-09-14T10:00:00Z,unassisted,written,Synthetic attempt: I started the loop at 1 and stopped before n.,0.53,300,0,loops-rubric-v1,true,,system,0.58
syn-expanded-narrowing-3-cp3-assisted,1,syn-expanded-narrowing-3,python.loops,loops-set-3-assisted,loops-set-3,week-3,2026-09-21T10:00:00Z,assisted,written,Synthetic explanation: range excludes the stop value.,0.85,180,2,loops-rubric-v1,true,,system,0.87
syn-expanded-narrowing-3-cp3-unassisted,1,syn-expanded-narrowing-3,python.loops,loops-set-3-unassisted,loops-set-3,week-3,2026-09-21T10:00:00Z,unassisted,written,Synthetic attempt: I summed one extra element past the stop bound.,0.6,300,0,loops-rubric-v1,true,,system,0.65
syn-expanded-narrowing-3-cp4-assisted,1,syn-expanded-narrowing-3,python.loops,loops-set-4-assisted,loops-set-4,week-4,2026-09-28T10:00:00Z,assisted,written,Synthetic explanation: range excludes the stop value.,0.85,180,2,loops-rubric-v1,true,,system,0.87
syn-expanded-narrowing-3-cp4-unassisted,1,syn-expanded-narrowing-3,python.loops,loops-set-4-unassisted,loops-set-4,week-4,2026-09-28T10:00:00Z,unassisted,written,Synthetic attempt: I included the stop value when tracing the loop.,0.67,300,0,loops-rubric-v1,true,,system,0.72
syn-expanded-narrowing-3-cp5-assisted,1,syn-expanded-narrowing-3,python.loops,loops-set-5-assisted,loops-set-5,week-5,2026-10-05T10:00:00Z,assisted,written,Synthetic explanation: range excludes the stop value.,0.85,180,2,loops-rubric-v1,true,,system,0.87
syn-expanded-narrowing-3-cp5-unassisted,1,syn-expanded-narrowing-3,python.loops,loops-set-5-unassisted,loops-set-5,week-5,2026-10-05T10:00:00Z,unassisted,written,Synthetic attempt: I traced range as if both bounds were inclusive.,0.74,300,0,loops-rubric-v1,true,,system,0.79
syn-expanded-narrowing-4-cp1-assisted,1,syn-expanded-narrowing-4,python.loops,loops-set-1-assisted,loops-set-1,week-1,2026-09-07T10:00:00Z,assisted,written,Synthetic explanation: range excludes the stop value.,0.85,180,2,loops-rubric-v1,true,,system,0.87
syn-expanded-narrowing-4-cp1-unassisted,1,syn-expanded-narrowing-4,python.loops,loops-set-1-unassisted,loops-set-1,week-1,2026-09-07T10:00:00Z,unassisted,written,Synthetic attempt: I traced range as if both bounds were inclusive.,0.42,300,0,loops-rubric-v1,true,,system,0.47
syn-expanded-narrowing-4-cp2-assisted,1,syn-expanded-narrowing-4,python.loops,loops-set-2-assisted,loops-set-2,week-2,2026-09-14T10:00:00Z,assisted,written,Synthetic explanation: range excludes the stop value.,0.85,180,2,loops-rubric-v1,true,,system,0.87
syn-expanded-narrowing-4-cp2-unassisted,1,syn-expanded-narrowing-4,python.loops,loops-set-2-unassisted,loops-set-2,week-2,2026-09-14T10:00:00Z,unassisted,written,Synthetic attempt: I started the loop at 1 and stopped before n.,0.49,300,0,loops-rubric-v1,true,,system,0.54
syn-expanded-narrowing-4-cp3-assisted,1,syn-expanded-narrowing-4,python.loops,loops-set-3-assisted,loops-set-3,week-3,2026-09-21T10:00:00Z,assisted,written,Synthetic explanation: range excludes the stop value.,0.85,180,2,loops-rubric-v1,true,,system,0.87
syn-expanded-narrowing-4-cp3-unassisted,1,syn-expanded-narrowing-4,python.loops,loops-set-3-unassisted,loops-set-3,week-3,2026-09-21T10:00:00Z,unassisted,written,Synthetic attempt: I summed one extra element past the stop bound.,0.56,300,0,loops-rubric-v1,true,,system,0.61
syn-expanded-narrowing-4-cp4-assisted,1,syn-expanded-narrowing-4,python.loops,loops-set-4-assisted,loops-set-4,week-4,2026-09-28T10:00:00Z,assisted,written,Synthetic explanation: range excludes the stop value.,0.85,180,2,loops-rubric-v1,true,,system,0.87
syn-expanded-narrowing-4-cp4-unassisted,1,syn-expanded-narrowing-4,python.loops,loops-set-4-unassisted,loops-set-4,week-4,2026-09-28T10:00:00Z,unassisted,written,Synthetic attempt: I included the stop value when tracing the loop.,0.63,300,0,loops-rubric-v1,true,,system,0.68
syn-expanded-narrowing-4-cp5-assisted,1,syn-expanded-narrowing-4,python.loops,loops-set-5-assisted,loops-set-5,week-5,2026-10-05T10:00:00Z,assisted,written,Synthetic explanation: range excludes the stop value.,0.85,180,2,loops-rubric-v1,true,,system,0.87
syn-expanded-narrowing-4-cp5-unassisted,1,syn-expanded-narrowing-4,python.loops,loops-set-5-unassisted,loops-set-5,week-5,2026-10-05T10:00:00Z,unassisted,written,Synthetic attempt: I traced range as if both bounds were inclusive.,0.7,300,0,loops-rubric-v1,true,,system,0.75
syn-expanded-narrowing-5-cp1-assisted,1,syn-expanded-narrowing-5,python.loops,loops-set-1-assisted,loops-set-1,week-1,2026-09-07T10:00:00Z,assisted,written,Synthetic explanation: range excludes the stop value.,0.85,180,2,loops-rubric-v1,true,,system,0.87
syn-expanded-narrowing-5-cp1-unassisted,1,syn-expanded-narrowing-5,python.loops,loops-set-1-unassisted,loops-set-1,week-1,2026-09-07T10:00:00Z,unassisted,written,Synthetic attempt: I traced range as if both bounds were inclusive.,0.44,300,0,loops-rubric-v1,true,,system,0.49
syn-expanded-narrowing-5-cp2-assisted,1,syn-expanded-narrowing-5,python.loops,loops-set-2-assisted,loops-set-2,week-2,2026-09-14T10:00:00Z,assisted,written,Synthetic explanation: range excludes the stop value.,0.85,180,2,loops-rubric-v1,true,,system,0.87
syn-expanded-narrowing-5-cp2-unassisted,1,syn-expanded-narrowing-5,python.loops,loops-set-2-unassisted,loops-set-2,week-2,2026-09-14T10:00:00Z,unassisted,written,Synthetic attempt: I started the loop at 1 and stopped before n.,0.51,300,0,loops-rubric-v1,true,,system,0.56
syn-expanded-narrowing-5-cp3-assisted,1,syn-expanded-narrowing-5,python.loops,loops-set-3-assisted,loops-set-3,week-3,2026-09-21T10:00:00Z,assisted,written,Synthetic explanation: range excludes the stop value.,0.85,180,2,loops-rubric-v1,true,,system,0.87
syn-expanded-narrowing-5-cp3-unassisted,1,syn-expanded-narrowing-5,python.loops,loops-set-3-unassisted,loops-set-3,week-3,2026-09-21T10:00:00Z,unassisted,written,Synthetic attempt: I summed one extra element past the stop bound.,0.58,300,0,loops-rubric-v1,true,,system,0.63
syn-expanded-narrowing-5-cp4-assisted,1,syn-expanded-narrowing-5,python.loops,loops-set-4-assisted,loops-set-4,week-4,2026-09-28T10:00:00Z,assisted,written,Synthetic explanation: range excludes the stop value.,0.85,180,2,loops-rubric-v1,true,,system,0.87
syn-expanded-narrowing-5-cp4-unassisted,1,syn-expanded-narrowing-5,python.loops,loops-set-4-unassisted,loops-set-4,week-4,2026-09-28T10:00:00Z,unassisted,written,Synthetic attempt: I included the stop value when tracing the loop.,0.65,300,0,loops-rubric-v1,true,,system,0.7
syn-expanded-narrowing-5-cp5-assisted,1,syn-expanded-narrowing-5,python.loops,loops-set-5-assisted,loops-set-5,week-5,2026-10-05T10:00:00Z,assisted,written,Synthetic explanation: range excludes the stop value.,0.85,180,2,loops-rubric-v1,true,,system,0.87
syn-expanded-narrowing-5-cp5-unassisted,1,syn-expanded-narrowing-5,python.loops,loops-set-5-unassisted,loops-set-5,week-5,2026-10-05T10:00:00Z,unassisted,written,Synthetic attempt: I traced range as if both bounds were inclusive.,0.72,300,0,loops-rubric-v1,true,,system,0.77
syn-expanded-narrowing-6-cp1-assisted,1,syn-expanded-narrowing-6,python.loops,loops-set-1-assisted,loops-set-1,week-1,2026-09-07T10:00:00Z,assisted,written,Synthetic explanation: range excludes the stop value.,0.85,180,2,loops-rubric-v1,true,,system,0.87
syn-expanded-narrowing-6-cp1-unassisted,1,syn-expanded-narrowing-6,python.loops,loops-set-1-unassisted,loops-set-1,week-1,2026-09-07T10:00:00Z,unassisted,written,Synthetic attempt: I traced range as if both bounds were inclusive.,0.46,300,0,loops-rubric-v1,true,,system,0.51
syn-expanded-narrowing-6-cp2-assisted,1,syn-expanded-narrowing-6,python.loops,loops-set-2-assisted,loops-set-2,week-2,2026-09-14T10:00:00Z,assisted,written,Synthetic explanation: range excludes the stop value.,0.85,180,2,loops-rubric-v1,true,,system,0.87
syn-expanded-narrowing-6-cp2-unassisted,1,syn-expanded-narrowing-6,python.loops,loops-set-2-unassisted,loops-set-2,week-2,2026-09-14T10:00:00Z,unassisted,written,Synthetic attempt: I started the loop at 1 and stopped before n.,0.53,300,0,loops-rubric-v1,true,,system,0.58
syn-expanded-narrowing-6-cp3-assisted,1,syn-expanded-narrowing-6,python.loops,loops-set-3-assisted,loops-set-3,week-3,2026-09-21T10:00:00Z,assisted,written,Synthetic explanation: range excludes the stop value.,0.85,180,2,loops-rubric-v1,true,,system,0.87
syn-expanded-narrowing-6-cp3-unassisted,1,syn-expanded-narrowing-6,python.loops,loops-set-3-unassisted,loops-set-3,week-3,2026-09-21T10:00:00Z,unassisted,written,Synthetic attempt: I summed one extra element past the stop bound.,0.6,300,0,loops-rubric-v1,true,,system,0.65
syn-expanded-narrowing-6-cp4-assisted,1,syn-expanded-narrowing-6,python.loops,loops-set-4-assisted,loops-set-4,week-4,2026-09-28T10:00:00Z,assisted,written,Synthetic explanation: range excludes the stop value.,0.85,180,2,loops-rubric-v1,true,,system,0.87
syn-expanded-narrowing-6-cp4-unassisted,1,syn-expanded-narrowing-6,python.loops,loops-set-4-unassisted,loops-set-4,week-4,2026-09-28T10:00:00Z,unassisted,written,Synthetic attempt: I included the stop value when tracing the loop.,0.67,300,0,loops-rubric-v1,true,,system,0.72
syn-expanded-narrowing-6-cp5-assisted,1,syn-expanded-narrowing-6,python.loops,loops-set-5-assisted,loops-set-5,week-5,2026-10-05T10:00:00Z,assisted,written,Synthetic explanation: range excludes the stop value.,0.85,180,2,loops-rubric-v1,true,,system,0.87
syn-expanded-narrowing-6-cp5-unassisted,1,syn-expanded-narrowing-6,python.loops,loops-set-5-unassisted,loops-set-5,week-5,2026-10-05T10:00:00Z,unassisted,written,Synthetic attempt: I traced range as if both bounds were inclusive.,0.74,300,0,loops-rubric-v1,true,,system,0.79
syn-expanded-narrowing-7-cp1-assisted,1,syn-expanded-narrowing-7,python.loops,loops-set-1-assisted,loops-set-1,week-1,2026-09-07T10:00:00Z,assisted,written,Synthetic explanation: range excludes the stop value.,0.85,180,2,loops-rubric-v1,true,,system,0.87
syn-expanded-narrowing-7-cp1-unassisted,1,syn-expanded-narrowing-7,python.loops,loops-set-1-unassisted,loops-set-1,week-1,2026-09-07T10:00:00Z,unassisted,written,Synthetic attempt: I traced range as if both bounds were inclusive.,0.42,300,0,loops-rubric-v1,true,,system,0.47
syn-expanded-narrowing-7-cp2-assisted,1,syn-expanded-narrowing-7,python.loops,loops-set-2-assisted,loops-set-2,week-2,2026-09-14T10:00:00Z,assisted,written,Synthetic explanation: range excludes the stop value.,0.85,180,2,loops-rubric-v1,true,,system,0.87
syn-expanded-narrowing-7-cp2-unassisted,1,syn-expanded-narrowing-7,python.loops,loops-set-2-unassisted,loops-set-2,week-2,2026-09-14T10:00:00Z,unassisted,written,Synthetic attempt: I started the loop at 1 and stopped before n.,0.49,300,0,loops-rubric-v1,true,,system,0.54
syn-expanded-narrowing-7-cp3-assisted,1,syn-expanded-narrowing-7,python.loops,loops-set-3-assisted,loops-set-3,week-3,2026-09-21T10:00:00Z,assisted,written,Synthetic explanation: range excludes the stop value.,0.85,180,2,loops-rubric-v1,true,,system,0.87
syn-expanded-narrowing-7-cp3-unassisted,1,syn-expanded-narrowing-7,python.loops,loops-set-3-unassisted,loops-set-3,week-3,2026-09-21T10:00:00Z,unassisted,written,Synthetic attempt: I summed one extra element past the stop bound.,0.56,300,0,loops-rubric-v1,true,,system,0.61
syn-expanded-narrowing-7-cp4-assisted,1,syn-expanded-narrowing-7,python.loops,loops-set-4-assisted,loops-set-4,week-4,2026-09-28T10:00:00Z,assisted,written,Synthetic explanation: range excludes the stop value.,0.85,180,2,loops-rubric-v1,true,,system,0.87
syn-expanded-narrowing-7-cp4-unassisted,1,syn-expanded-narrowing-7,python.loops,loops-set-4-unassisted,loops-set-4,week-4,2026-09-28T10:00:00Z,unassisted,written,Synthetic attempt: I included the stop value when tracing the loop.,0.63,300,0,loops-rubric-v1,true,,system,0.68
syn-expanded-narrowing-7-cp5-assisted,1,syn-expanded-narrowing-7,python.loops,loops-set-5-assisted,loops-set-5,week-5,2026-10-05T10:00:00Z,assisted,written,Synthetic explanation: range excludes the stop value.,0.85,180,2,loops-rubric-v1,true,,system,0.87
syn-expanded-narrowing-7-cp5-unassisted,1,syn-expanded-narrowing-7,python.loops,loops-set-5-unassisted,loops-set-5,week-5,2026-10-05T10:00:00Z,unassisted,written,Synthetic attempt: I traced range as if both bounds were inclusive.,0.7,300,0,loops-rubric-v1,true,,system,0.75
syn-expanded-narrowing-8-cp1-assisted,1,syn-expanded-narrowing-8,python.loops,loops-set-1-assisted,loops-set-1,week-1,2026-09-07T10:00:00Z,assisted,written,Synthetic explanation: range excludes the stop value.,0.85,180,2,loops-rubric-v1,true,,system,0.87
syn-expanded-narrowing-8-cp1-unassisted,1,syn-expanded-narrowing-8,python.loops,loops-set-1-unassisted,loops-set-1,week-1,2026-09-07T10:00:00Z,unassisted,written,Synthetic attempt: I traced range as if both bounds were inclusive.,0.44,300,0,loops-rubric-v1,true,,system,0.49
syn-expanded-narrowing-8-cp2-assisted,1,syn-expanded-narrowing-8,python.loops,loops-set-2-assisted,loops-set-2,week-2,2026-09-14T10:00:00Z,assisted,written,Synthetic explanation: range excludes the stop value.,0.85,180,2,loops-rubric-v1,true,,system,0.87
syn-expanded-narrowing-8-cp2-unassisted,1,syn-expanded-narrowing-8,python.loops,loops-set-2-unassisted,loops-set-2,week-2,2026-09-14T10:00:00Z,unassisted,written,Synthetic attempt: I started the loop at 1 and stopped before n.,0.51,300,0,loops-rubric-v1,true,,system,0.56
syn-expanded-narrowing-8-cp3-assisted,1,syn-expanded-narrowing-8,python.loops,loops-set-3-assisted,loops-set-3,week-3,2026-09-21T10:00:00Z,assisted,written,Synthetic explanation: range excludes the stop value.,0.85,180,2,loops-rubric-v1,true,,system,0.87
syn-expanded-narrowing-8-cp3-unassisted,1,syn-expanded-narrowing-8,python.loops,loops-set-3-unassisted,loops-set-3,week-3,2026-09-21T10:00:00Z,unassisted,written,Synthetic attempt: I summed one extra element past the stop bound.,0.58,300,0,loops-rubric-v1,true,,system,0.63
syn-expanded-narrowing-8-cp4-assisted,1,syn-expanded-narrowing-8,python.loops,loops-set-4-assisted,loops-set-4,week-4,2026-09-28T10:00:00Z,assisted,written,Synthetic explanation: range excludes the stop value.,0.85,180,2,loops-rubric-v1,true,,system,0.87
syn-expanded-narrowing-8-cp4-unassisted,1,syn-expanded-narrowing-8,python.loops,loops-set-4-unassisted,loops-set-4,week-4,2026-09-28T10:00:00Z,unassisted,written,Synthetic attempt: I included the stop value when tracing the loop.,0.65,300,0,loops-rubric-v1,true,,system,0.7
syn-expanded-narrowing-8-cp5-assisted,1,syn-expanded-narrowing-8,python.loops,loops-set-5-assisted,loops-set-5,week-5,2026-10-05T10:00:00Z,assisted,written,Synthetic explanation: range excludes the stop value.,0.85,180,2,loops-rubric-v1,true,,system,0.87
syn-expanded-narrowing-8-cp5-unassisted,1,syn-expanded-narrowing-8,python.loops,loops-set-5-unassisted,loops-set-5,week-5,2026-10-05T10:00:00Z,unassisted,written,Synthetic attempt: I traced range as if both bounds were inclusive.,0.72,300,0,loops-rubric-v1,true,,system,0.77
syn-expanded-narrowing-9-cp1-assisted,1,syn-expanded-narrowing-9,python.loops,loops-set-1-assisted,loops-set-1,week-1,2026-09-07T10:00:00Z,assisted,written,Synthetic explanation: range excludes the stop value.,0.85,180,2,loops-rubric-v1,true,,system,0.87
syn-expanded-narrowing-9-cp1-unassisted,1,syn-expanded-narrowing-9,python.loops,loops-set-1-unassisted,loops-set-1,week-1,2026-09-07T10:00:00Z,unassisted,written,Synthetic attempt: I traced range as if both bounds were inclusive.,0.46,300,0,loops-rubric-v1,true,,system,0.51
syn-expanded-narrowing-9-cp2-assisted,1,syn-expanded-narrowing-9,python.loops,loops-set-2-assisted,loops-set-2,week-2,2026-09-14T10:00:00Z,assisted,written,Synthetic explanation: range excludes the stop value.,0.85,180,2,loops-rubric-v1,true,,system,0.87
syn-expanded-narrowing-9-cp2-unassisted,1,syn-expanded-narrowing-9,python.loops,loops-set-2-unassisted,loops-set-2,week-2,2026-09-14T10:00:00Z,unassisted,written,Synthetic attempt: I started the loop at 1 and stopped before n.,0.53,300,0,loops-rubric-v1,true,,system,0.58
syn-expanded-narrowing-9-cp3-assisted,1,syn-expanded-narrowing-9,python.loops,loops-set-3-assisted,loops-set-3,week-3,2026-09-21T10:00:00Z,assisted,written,Synthetic explanation: range excludes the stop value.,0.85,180,2,loops-rubric-v1,true,,system,0.87
syn-expanded-narrowing-9-cp3-unassisted,1,syn-expanded-narrowing-9,python.loops,loops-set-3-unassisted,loops-set-3,week-3,2026-09-21T10:00:00Z,unassisted,written,Synthetic attempt: I summed one extra element past the stop bound.,0.6,300,0,loops-rubric-v1,true,,system,0.65
syn-expanded-narrowing-9-cp4-assisted,1,syn-expanded-narrowing-9,python.loops,loops-set-4-assisted,loops-set-4,week-4,2026-09-28T10:00:00Z,assisted,written,Synthetic explanation: range excludes the stop value.,0.85,180,2,loops-rubric-v1,true,,system,0.87
syn-expanded-narrowing-9-cp4-unassisted,1,syn-expanded-narrowing-9,python.loops,loops-set-4-unassisted,loops-set-4,week-4,2026-09-28T10:00:00Z,unassisted,written,Synthetic attempt: I included the stop value when tracing the loop.,0.67,300,0,loops-rubric-v1,true,,system,0.72
syn-expanded-narrowing-9-cp5-assisted,1,syn-expanded-narrowing-9,python.loops,loops-set-5-assisted,loops-set-5,week-5,2026-10-05T10:00:00Z,assisted,written,Synthetic explanation: range excludes the stop value.,0.85,180,2,loops-rubric-v1,true,,system,0.87
syn-expanded-narrowing-9-cp5-unassisted,1,syn-expanded-narrowing-9,python.loops,loops-set-5-unassisted,loops-set-5,week-5,2026-10-05T10:00:00Z,unassisted,written,Synthetic attempt: I traced range as if both bounds were inclusive.,0.74,300,0,loops-rubric-v1,true,,system,0.79
syn-expanded-narrowing-10-cp1-assisted,1,syn-expanded-narrowing-10,python.loops,loops-set-1-assisted,loops-set-1,week-1,2026-09-07T10:00:00Z,assisted,written,Synthetic explanation: range excludes the stop value.,0.85,180,2,loops-rubric-v1,true,,system,0.87
syn-expanded-narrowing-10-cp1-unassisted,1,syn-expanded-narrowing-10,python.loops,loops-set-1-unassisted,loops-set-1,week-1,2026-09-07T10:00:00Z,unassisted,written,Synthetic attempt: I started the loop at 1 and stopped before n.,0.42,300,0,loops-rubric-v1,true,,system,0.47
syn-expanded-narrowing-10-cp2-assisted,1,syn-expanded-narrowing-10,python.loops,loops-set-2-assisted,loops-set-2,week-2,2026-09-14T10:00:00Z,assisted,written,Synthetic explanation: range excludes the stop value.,0.85,180,2,loops-rubric-v1,true,,system,0.87
syn-expanded-narrowing-10-cp2-unassisted,1,syn-expanded-narrowing-10,python.loops,loops-set-2-unassisted,loops-set-2,week-2,2026-09-14T10:00:00Z,unassisted,written,Synthetic attempt: I summed one extra element past the stop bound.,0.49,300,0,loops-rubric-v1,true,,system,0.54
syn-expanded-narrowing-10-cp3-assisted,1,syn-expanded-narrowing-10,python.loops,loops-set-3-assisted,loops-set-3,week-3,2026-09-21T10:00:00Z,assisted,written,Synthetic explanation: range excludes the stop value.,0.85,180,2,loops-rubric-v1,true,,system,0.87
syn-expanded-narrowing-10-cp3-unassisted,1,syn-expanded-narrowing-10,python.loops,loops-set-3-unassisted,loops-set-3,week-3,2026-09-21T10:00:00Z,unassisted,written,Synthetic attempt: I included the stop value when tracing the loop.,0.56,300,0,loops-rubric-v1,true,,system,0.61
syn-expanded-narrowing-10-cp4-assisted,1,syn-expanded-narrowing-10,python.loops,loops-set-4-assisted,loops-set-4,week-4,2026-09-28T10:00:00Z,assisted,written,Synthetic explanation: range excludes the stop value.,0.85,180,2,loops-rubric-v1,true,,system,0.87
syn-expanded-narrowing-10-cp4-unassisted,1,syn-expanded-narrowing-10,python.loops,loops-set-4-unassisted,loops-set-4,week-4,2026-09-28T10:00:00Z,unassisted,written,Synthetic attempt: I traced range as if both bounds were inclusive.,0.63,300,0,loops-rubric-v1,true,,system,0.68
syn-expanded-narrowing-10-cp5-assisted,1,syn-expanded-narrowing-10,python.loops,loops-set-5-assisted,loops-set-5,week-5,2026-10-05T10:00:00Z,assisted,written,Synthetic explanation: range excludes the stop value.,0.85,180,2,loops-rubric-v1,true,,system,0.87
syn-expanded-narrowing-10-cp5-unassisted,1,syn-expanded-narrowing-10,python.loops,loops-set-5-unassisted,loops-set-5,week-5,2026-10-05T10:00:00Z,unassisted,written,Synthetic attempt: I started the loop at 1 and stopped before n.,0.7,300,0,loops-rubric-v1,true,,system,0.75
syn-expanded-narrowing-11-cp1-assisted,1,syn-expanded-narrowing-11,python.loops,loops-set-1-assisted,loops-set-1,week-1,2026-09-07T10:00:00Z,assisted,written,Synthetic explanation: range excludes the stop value.,0.85,180,2,loops-rubric-v1,true,,system,0.87
syn-expanded-narrowing-11-cp1-unassisted,1,syn-expanded-narrowing-11,python.loops,loops-set-1-unassisted,loops-set-1,week-1,2026-09-07T10:00:00Z,unassisted,written,Synthetic attempt: I started the loop at 1 and stopped before n.,0.44,300,0,loops-rubric-v1,true,,system,0.49
syn-expanded-narrowing-11-cp2-assisted,1,syn-expanded-narrowing-11,python.loops,loops-set-2-assisted,loops-set-2,week-2,2026-09-14T10:00:00Z,assisted,written,Synthetic explanation: range excludes the stop value.,0.85,180,2,loops-rubric-v1,true,,system,0.87
syn-expanded-narrowing-11-cp2-unassisted,1,syn-expanded-narrowing-11,python.loops,loops-set-2-unassisted,loops-set-2,week-2,2026-09-14T10:00:00Z,unassisted,written,Synthetic attempt: I summed one extra element past the stop bound.,0.51,300,0,loops-rubric-v1,true,,system,0.56
syn-expanded-narrowing-11-cp3-assisted,1,syn-expanded-narrowing-11,python.loops,loops-set-3-assisted,loops-set-3,week-3,2026-09-21T10:00:00Z,assisted,written,Synthetic explanation: range excludes the stop value.,0.85,180,2,loops-rubric-v1,true,,system,0.87
syn-expanded-narrowing-11-cp3-unassisted,1,syn-expanded-narrowing-11,python.loops,loops-set-3-unassisted,loops-set-3,week-3,2026-09-21T10:00:00Z,unassisted,written,Synthetic attempt: I included the stop value when tracing the loop.,0.58,300,0,loops-rubric-v1,true,,system,0.63
syn-expanded-narrowing-11-cp4-assisted,1,syn-expanded-narrowing-11,python.loops,loops-set-4-assisted,loops-set-4,week-4,2026-09-28T10:00:00Z,assisted,written,Synthetic explanation: range excludes the stop value.,0.85,180,2,loops-rubric-v1,true,,system,0.87
syn-expanded-narrowing-11-cp4-unassisted,1,syn-expanded-narrowing-11,python.loops,loops-set-4-unassisted,loops-set-4,week-4,2026-09-28T10:00:00Z,unassisted,written,Synthetic attempt: I traced range as if both bounds were inclusive.,0.65,300,0,loops-rubric-v1,true,,system,0.7
syn-expanded-narrowing-11-cp5-assisted,1,syn-expanded-narrowing-11,python.loops,loops-set-5-assisted,loops-set-5,week-5,2026-10-05T10:00:00Z,assisted,written,Synthetic explanation: range excludes the stop value.,0.85,180,2,loops-rubric-v1,true,,system,0.87
syn-expanded-narrowing-11-cp5-unassisted,1,syn-expanded-narrowing-11,python.loops,loops-set-5-unassisted,loops-set-5,week-5,2026-10-05T10:00:00Z,unassisted,written,Synthetic attempt: I started the loop at 1 and stopped before n.,0.72,300,0,loops-rubric-v1,true,,system,0.77
syn-expanded-narrowing-12-cp1-assisted,1,syn-expanded-narrowing-12,python.loops,loops-set-1-assisted,loops-set-1,week-1,2026-09-07T10:00:00Z,assisted,written,Synthetic explanation: range excludes the stop value.,0.85,180,2,loops-rubric-v1,true,,system,0.87
syn-expanded-narrowing-12-cp1-unassisted,1,syn-expanded-narrowing-12,python.loops,loops-set-1-unassisted,loops-set-1,week-1,2026-09-07T10:00:00Z,unassisted,written,Synthetic attempt: I started the loop at 1 and stopped before n.,0.46,300,0,loops-rubric-v1,true,,system,0.51
syn-expanded-narrowing-12-cp2-assisted,1,syn-expanded-narrowing-12,python.loops,loops-set-2-assisted,loops-set-2,week-2,2026-09-14T10:00:00Z,assisted,written,Synthetic explanation: range excludes the stop value.,0.85,180,2,loops-rubric-v1,true,,system,0.87
syn-expanded-narrowing-12-cp2-unassisted,1,syn-expanded-narrowing-12,python.loops,loops-set-2-unassisted,loops-set-2,week-2,2026-09-14T10:00:00Z,unassisted,written,Synthetic attempt: I summed one extra element past the stop bound.,0.53,300,0,loops-rubric-v1,true,,system,0.58
syn-expanded-narrowing-12-cp3-assisted,1,syn-expanded-narrowing-12,python.loops,loops-set-3-assisted,loops-set-3,week-3,2026-09-21T10:00:00Z,assisted,written,Synthetic explanation: range excludes the stop value.,0.85,180,2,loops-rubric-v1,true,,system,0.87
syn-expanded-narrowing-12-cp3-unassisted,1,syn-expanded-narrowing-12,python.loops,loops-set-3-unassisted,loops-set-3,week-3,2026-09-21T10:00:00Z,unassisted,written,Synthetic attempt: I included the stop value when tracing the loop.,0.6,300,0,loops-rubric-v1,true,,system,0.65
syn-expanded-narrowing-12-cp4-assisted,1,syn-expanded-narrowing-12,python.loops,loops-set-4-assisted,loops-set-4,week-4,2026-09-28T10:00:00Z,assisted,written,Synthetic explanation: range excludes the stop value.,0.85,180,2,loops-rubric-v1,true,,system,0.87
syn-expanded-narrowing-12-cp4-unassisted,1,syn-expanded-narrowing-12,python.loops,loops-set-4-unassisted,loops-set-4,week-4,2026-09-28T10:00:00Z,unassisted,written,Synthetic attempt: I traced range as if both bounds were inclusive.,0.67,300,0,loops-rubric-v1,true,,system,0.72
syn-expanded-narrowing-12-cp5-assisted,1,syn-expanded-narrowing-12,python.loops,loops-set-5-assisted,loops-set-5,week-5,2026-10-05T10:00:00Z,assisted,written,Synthetic explanation: range excludes the stop value.,0.85,180,2,loops-rubric-v1,true,,system,0.87
syn-expanded-narrowing-12-cp5-unassisted,1,syn-expanded-narrowing-12,python.loops,loops-set-5-unassisted,loops-set-5,week-5,2026-10-05T10:00:00Z,unassisted,written,Synthetic attempt: I started the loop at 1 and stopped before n.,0.74,300,0,loops-rubric-v1,true,,system,0.79
syn-expanded-narrowing-13-cp1-assisted,1,syn-expanded-narrowing-13,python.loops,loops-set-1-assisted,loops-set-1,week-1,2026-09-07T10:00:00Z,assisted,written,Synthetic explanation: range excludes the stop value.,0.85,180,2,loops-rubric-v1,true,,system,0.87
syn-expanded-narrowing-13-cp1-unassisted,1,syn-expanded-narrowing-13,python.loops,loops-set-1-unassisted,loops-set-1,week-1,2026-09-07T10:00:00Z,unassisted,written,Synthetic attempt: I started the loop at 1 and stopped before n.,0.42,300,0,loops-rubric-v1,true,,system,0.47
syn-expanded-narrowing-13-cp2-assisted,1,syn-expanded-narrowing-13,python.loops,loops-set-2-assisted,loops-set-2,week-2,2026-09-14T10:00:00Z,assisted,written,Synthetic explanation: range excludes the stop value.,0.85,180,2,loops-rubric-v1,true,,system,0.87
syn-expanded-narrowing-13-cp2-unassisted,1,syn-expanded-narrowing-13,python.loops,loops-set-2-unassisted,loops-set-2,week-2,2026-09-14T10:00:00Z,unassisted,written,Synthetic attempt: I summed one extra element past the stop bound.,0.49,300,0,loops-rubric-v1,true,,system,0.54
syn-expanded-narrowing-13-cp3-assisted,1,syn-expanded-narrowing-13,python.loops,loops-set-3-assisted,loops-set-3,week-3,2026-09-21T10:00:00Z,assisted,written,Synthetic explanation: range excludes the stop value.,0.85,180,2,loops-rubric-v1,true,,system,0.87
syn-expanded-narrowing-13-cp3-unassisted,1,syn-expanded-narrowing-13,python.loops,loops-set-3-unassisted,loops-set-3,week-3,2026-09-21T10:00:00Z,unassisted,written,Synthetic attempt: I included the stop value when tracing the loop.,0.56,300,0,loops-rubric-v1,true,,system,0.61
syn-expanded-narrowing-13-cp4-assisted,1,syn-expanded-narrowing-13,python.loops,loops-set-4-assisted,loops-set-4,week-4,2026-09-28T10:00:00Z,assisted,written,Synthetic explanation: range excludes the stop value.,0.85,180,2,loops-rubric-v1,true,,system,0.87
syn-expanded-narrowing-13-cp4-unassisted,1,syn-expanded-narrowing-13,python.loops,loops-set-4-unassisted,loops-set-4,week-4,2026-09-28T10:00:00Z,unassisted,written,Synthetic attempt: I traced range as if both bounds were inclusive.,0.63,300,0,loops-rubric-v1,true,,system,0.68
syn-expanded-narrowing-13-cp5-assisted,1,syn-expanded-narrowing-13,python.loops,loops-set-5-assisted,loops-set-5,week-5,2026-10-05T10:00:00Z,assisted,written,Synthetic explanation: range excludes the stop value.,0.85,180,2,loops-rubric-v1,true,,system,0.87
syn-expanded-narrowing-13-cp5-unassisted,1,syn-expanded-narrowing-13,python.loops,loops-set-5-unassisted,loops-set-5,week-5,2026-10-05T10:00:00Z,unassisted,written,Synthetic attempt: I started the loop at 1 and stopped before n.,0.7,300,0,loops-rubric-v1,true,,system,0.75
syn-expanded-narrowing-14-cp1-assisted,1,syn-expanded-narrowing-14,python.loops,loops-set-1-assisted,loops-set-1,week-1,2026-09-07T10:00:00Z,assisted,written,Synthetic explanation: range excludes the stop value.,0.85,180,2,loops-rubric-v1,true,,system,0.87
syn-expanded-narrowing-14-cp1-unassisted,1,syn-expanded-narrowing-14,python.loops,loops-set-1-unassisted,loops-set-1,week-1,2026-09-07T10:00:00Z,unassisted,written,Synthetic attempt: I started the loop at 1 and stopped before n.,0.44,300,0,loops-rubric-v1,true,,system,0.49
syn-expanded-narrowing-14-cp2-assisted,1,syn-expanded-narrowing-14,python.loops,loops-set-2-assisted,loops-set-2,week-2,2026-09-14T10:00:00Z,assisted,written,Synthetic explanation: range excludes the stop value.,0.85,180,2,loops-rubric-v1,true,,system,0.87
syn-expanded-narrowing-14-cp2-unassisted,1,syn-expanded-narrowing-14,python.loops,loops-set-2-unassisted,loops-set-2,week-2,2026-09-14T10:00:00Z,unassisted,written,Synthetic attempt: I summed one extra element past the stop bound.,0.51,300,0,loops-rubric-v1,true,,system,0.56
syn-expanded-narrowing-14-cp3-assisted,1,syn-expanded-narrowing-14,python.loops,loops-set-3-assisted,loops-set-3,week-3,2026-09-21T10:00:00Z,assisted,written,Synthetic explanation: range excludes the stop value.,0.85,180,2,loops-rubric-v1,true,,system,0.87
syn-expanded-narrowing-14-cp3-unassisted,1,syn-expanded-narrowing-14,python.loops,loops-set-3-unassisted,loops-set-3,week-3,2026-09-21T10:00:00Z,unassisted,written,Synthetic attempt: I included the stop value when tracing the loop.,0.58,300,0,loops-rubric-v1,true,,system,0.63
syn-expanded-narrowing-14-cp4-assisted,1,syn-expanded-narrowing-14,python.loops,loops-set-4-assisted,loops-set-4,week-4,2026-09-28T10:00:00Z,assisted,written,Synthetic explanation: range excludes the stop value.,0.85,180,2,loops-rubric-v1,true,,system,0.87
syn-expanded-narrowing-14-cp4-unassisted,1,syn-expanded-narrowing-14,python.loops,loops-set-4-unassisted,loops-set-4,week-4,2026-09-28T10:00:00Z,unassisted,written,Synthetic attempt: I traced range as if both bounds were inclusive.,0.65,300,0,loops-rubric-v1,true,,system,0.7
syn-expanded-narrowing-14-cp5-assisted,1,syn-expanded-narrowing-14,python.loops,loops-set-5-assisted,loops-set-5,week-5,2026-10-05T10:00:00Z,assisted,written,Synthetic explanation: range excludes the stop value.,0.85,180,2,loops-rubric-v1,true,,system,0.87
syn-expanded-narrowing-14-cp5-unassisted,1,syn-expanded-narrowing-14,python.loops,loops-set-5-unassisted,loops-set-5,week-5,2026-10-05T10:00:00Z,unassisted,written,Synthetic attempt: I started the loop at 1 and stopped before n.,0.72,300,0,loops-rubric-v1,true,,system,0.77
syn-expanded-narrowing-15-cp1-assisted,1,syn-expanded-narrowing-15,python.loops,loops-set-1-assisted,loops-set-1,week-1,2026-09-07T10:00:00Z,assisted,written,Synthetic explanation: range excludes the stop value.,0.85,180,2,loops-rubric-v1,true,,system,0.87
syn-expanded-narrowing-15-cp1-unassisted,1,syn-expanded-narrowing-15,python.loops,loops-set-1-unassisted,loops-set-1,week-1,2026-09-07T10:00:00Z,unassisted,written,Synthetic attempt: I started the loop at 1 and stopped before n.,0.46,300,0,loops-rubric-v1,true,,system,0.51
syn-expanded-narrowing-15-cp2-assisted,1,syn-expanded-narrowing-15,python.loops,loops-set-2-assisted,loops-set-2,week-2,2026-09-14T10:00:00Z,assisted,written,Synthetic explanation: range excludes the stop value.,0.85,180,2,loops-rubric-v1,true,,system,0.87
syn-expanded-narrowing-15-cp2-unassisted,1,syn-expanded-narrowing-15,python.loops,loops-set-2-unassisted,loops-set-2,week-2,2026-09-14T10:00:00Z,unassisted,written,Synthetic attempt: I summed one extra element past the stop bound.,0.53,300,0,loops-rubric-v1,true,,system,0.58
syn-expanded-narrowing-15-cp3-assisted,1,syn-expanded-narrowing-15,python.loops,loops-set-3-assisted,loops-set-3,week-3,2026-09-21T10:00:00Z,assisted,written,Synthetic explanation: range excludes the stop value.,0.85,180,2,loops-rubric-v1,true,,system,0.87
syn-expanded-narrowing-15-cp3-unassisted,1,syn-expanded-narrowing-15,python.loops,loops-set-3-unassisted,loops-set-3,week-3,2026-09-21T10:00:00Z,unassisted,written,Synthetic attempt: I included the stop value when tracing the loop.,0.6,300,0,loops-rubric-v1,true,,system,0.65
syn-expanded-narrowing-15-cp4-assisted,1,syn-expanded-narrowing-15,python.loops,loops-set-4-assisted,loops-set-4,week-4,2026-09-28T10:00:00Z,assisted,written,Synthetic explanation: range excludes the stop value.,0.85,180,2,loops-rubric-v1,true,,system,0.87
syn-expanded-narrowing-15-cp4-unassisted,1,syn-expanded-narrowing-15,python.loops,loops-set-4-unassisted,loops-set-4,week-4,2026-09-28T10:00:00Z,unassisted,written,Synthetic attempt: I traced range as if both bounds were inclusive.,0.67,300,0,loops-rubric-v1,true,,system,0.72
syn-expanded-narrowing-15-cp5-assisted,1,syn-expanded-narrowing-15,python.loops,loops-set-5-assisted,loops-set-5,week-5,2026-10-05T10:00:00Z,assisted,written,Synthetic explanation: range excludes the stop value.,0.85,180,2,loops-rubric-v1,true,,system,0.87
syn-expanded-narrowing-15-cp5-unassisted,1,syn-expanded-narrowing-15,python.loops,loops-set-5-unassisted,loops-set-5,week-5,2026-10-05T10:00:00Z,unassisted,written,Synthetic attempt: I started the loop at 1 and stopped before n.,0.74,300,0,loops-rubric-v1,true,,system,0.79
syn-expanded-narrowing-16-cp1-assisted,1,syn-expanded-narrowing-16,python.loops,loops-set-1-assisted,loops-set-1,week-1,2026-09-07T10:00:00Z,assisted,written,Synthetic explanation: range excludes the stop value.,0.85,180,2,loops-rubric-v1,true,,system,0.87
syn-expanded-narrowing-16-cp1-unassisted,1,syn-expanded-narrowing-16,python.loops,loops-set-1-unassisted,loops-set-1,week-1,2026-09-07T10:00:00Z,unassisted,written,Synthetic attempt: I started the loop at 1 and stopped before n.,0.42,300,0,loops-rubric-v1,true,,system,0.47
syn-expanded-narrowing-16-cp2-assisted,1,syn-expanded-narrowing-16,python.loops,loops-set-2-assisted,loops-set-2,week-2,2026-09-14T10:00:00Z,assisted,written,Synthetic explanation: range excludes the stop value.,0.85,180,2,loops-rubric-v1,true,,system,0.87
syn-expanded-narrowing-16-cp2-unassisted,1,syn-expanded-narrowing-16,python.loops,loops-set-2-unassisted,loops-set-2,week-2,2026-09-14T10:00:00Z,unassisted,written,Synthetic attempt: I summed one extra element past the stop bound.,0.49,300,0,loops-rubric-v1,true,,system,0.54
syn-expanded-narrowing-16-cp3-assisted,1,syn-expanded-narrowing-16,python.loops,loops-set-3-assisted,loops-set-3,week-3,2026-09-21T10:00:00Z,assisted,written,Synthetic explanation: range excludes the stop value.,0.85,180,2,loops-rubric-v1,true,,system,0.87
syn-expanded-narrowing-16-cp3-unassisted,1,syn-expanded-narrowing-16,python.loops,loops-set-3-unassisted,loops-set-3,week-3,2026-09-21T10:00:00Z,unassisted,written,Synthetic attempt: I included the stop value when tracing the loop.,0.56,300,0,loops-rubric-v1,true,,system,0.61
syn-expanded-narrowing-16-cp4-assisted,1,syn-expanded-narrowing-16,python.loops,loops-set-4-assisted,loops-set-4,week-4,2026-09-28T10:00:00Z,assisted,written,Synthetic explanation: range excludes the stop value.,0.85,180,2,loops-rubric-v1,true,,system,0.87
syn-expanded-narrowing-16-cp4-unassisted,1,syn-expanded-narrowing-16,python.loops,loops-set-4-unassisted,loops-set-4,week-4,2026-09-28T10:00:00Z,unassisted,written,Synthetic attempt: I traced range as if both bounds were inclusive.,0.63,300,0,loops-rubric-v1,true,,system,0.68
syn-expanded-narrowing-16-cp5-assisted,1,syn-expanded-narrowing-16,python.loops,loops-set-5-assisted,loops-set-5,week-5,2026-10-05T10:00:00Z,assisted,written,Synthetic explanation: range excludes the stop value.,0.85,180,2,loops-rubric-v1,true,,system,0.87
syn-expanded-narrowing-16-cp5-unassisted,1,syn-expanded-narrowing-16,python.loops,loops-set-5-unassisted,loops-set-5,week-5,2026-10-05T10:00:00Z,unassisted,written,Synthetic attempt: I started the loop at 1 and stopped before n.,0.7,300,0,loops-rubric-v1,true,,system,0.75
syn-expanded-narrowing-17-cp1-assisted,1,syn-expanded-narrowing-17,python.loops,loops-set-1-assisted,loops-set-1,week-1,2026-09-07T10:00:00Z,assisted,written,Synthetic explanation: range excludes the stop value.,0.85,180,2,loops-rubric-v1,true,,system,0.87
syn-expanded-narrowing-17-cp1-unassisted,1,syn-expanded-narrowing-17,python.loops,loops-set-1-unassisted,loops-set-1,week-1,2026-09-07T10:00:00Z,unassisted,written,Synthetic attempt: I started the loop at 1 and stopped before n.,0.44,300,0,loops-rubric-v1,true,,system,0.49
syn-expanded-narrowing-17-cp2-assisted,1,syn-expanded-narrowing-17,python.loops,loops-set-2-assisted,loops-set-2,week-2,2026-09-14T10:00:00Z,assisted,written,Synthetic explanation: range excludes the stop value.,0.85,180,2,loops-rubric-v1,true,,system,0.87
syn-expanded-narrowing-17-cp2-unassisted,1,syn-expanded-narrowing-17,python.loops,loops-set-2-unassisted,loops-set-2,week-2,2026-09-14T10:00:00Z,unassisted,written,Synthetic attempt: I summed one extra element past the stop bound.,0.51,300,0,loops-rubric-v1,true,,system,0.56
syn-expanded-narrowing-17-cp3-assisted,1,syn-expanded-narrowing-17,python.loops,loops-set-3-assisted,loops-set-3,week-3,2026-09-21T10:00:00Z,assisted,written,Synthetic explanation: range excludes the stop value.,0.85,180,2,loops-rubric-v1,true,,system,0.87
syn-expanded-narrowing-17-cp3-unassisted,1,syn-expanded-narrowing-17,python.loops,loops-set-3-unassisted,loops-set-3,week-3,2026-09-21T10:00:00Z,unassisted,written,Synthetic attempt: I included the stop value when tracing the loop.,0.58,300,0,loops-rubric-v1,true,,system,0.63
syn-expanded-narrowing-17-cp4-assisted,1,syn-expanded-narrowing-17,python.loops,loops-set-4-assisted,loops-set-4,week-4,2026-09-28T10:00:00Z,assisted,written,Synthetic explanation: range excludes the stop value.,0.85,180,2,loops-rubric-v1,true,,system,0.87
syn-expanded-narrowing-17-cp4-unassisted,1,syn-expanded-narrowing-17,python.loops,loops-set-4-unassisted,loops-set-4,week-4,2026-09-28T10:00:00Z,unassisted,written,Synthetic attempt: I traced range as if both bounds were inclusive.,0.65,300,0,loops-rubric-v1,true,,system,0.7
syn-expanded-narrowing-17-cp5-assisted,1,syn-expanded-narrowing-17,python.loops,loops-set-5-assisted,loops-set-5,week-5,2026-10-05T10:00:00Z,assisted,written,Synthetic explanation: range excludes the stop value.,0.85,180,2,loops-rubric-v1,true,,system,0.87
syn-expanded-narrowing-17-cp5-unassisted,1,syn-expanded-narrowing-17,python.loops,loops-set-5-unassisted,loops-set-5,week-5,2026-10-05T10:00:00Z,unassisted,written,Synthetic attempt: I started the loop at 1 and stopped before n.,0.72,300,0,loops-rubric-v1,true,,system,0.77
syn-expanded-narrowing-18-cp1-assisted,1,syn-expanded-narrowing-18,python.loops,loops-set-1-assisted,loops-set-1,week-1,2026-09-07T10:00:00Z,assisted,written,Synthetic explanation: range excludes the stop value.,0.85,180,2,loops-rubric-v1,true,,system,0.87
syn-expanded-narrowing-18-cp1-unassisted,1,syn-expanded-narrowing-18,python.loops,loops-set-1-unassisted,loops-set-1,week-1,2026-09-07T10:00:00Z,unassisted,written,Synthetic attempt: I started the loop at 1 and stopped before n.,0.46,300,0,loops-rubric-v1,true,,system,0.51
syn-expanded-narrowing-18-cp2-assisted,1,syn-expanded-narrowing-18,python.loops,loops-set-2-assisted,loops-set-2,week-2,2026-09-14T10:00:00Z,assisted,written,Synthetic explanation: range excludes the stop value.,0.85,180,2,loops-rubric-v1,true,,system,0.87
syn-expanded-narrowing-18-cp2-unassisted,1,syn-expanded-narrowing-18,python.loops,loops-set-2-unassisted,loops-set-2,week-2,2026-09-14T10:00:00Z,unassisted,written,Synthetic attempt: I summed one extra element past the stop bound.,0.53,300,0,loops-rubric-v1,true,,system,0.58
syn-expanded-narrowing-18-cp3-assisted,1,syn-expanded-narrowing-18,python.loops,loops-set-3-assisted,loops-set-3,week-3,2026-09-21T10:00:00Z,assisted,written,Synthetic explanation: range excludes the stop value.,0.85,180,2,loops-rubric-v1,true,,system,0.87
syn-expanded-narrowing-18-cp3-unassisted,1,syn-expanded-narrowing-18,python.loops,loops-set-3-unassisted,loops-set-3,week-3,2026-09-21T10:00:00Z,unassisted,written,Synthetic attempt: I included the stop value when tracing the loop.,0.6,300,0,loops-rubric-v1,true,,system,0.65
syn-expanded-narrowing-18-cp4-assisted,1,syn-expanded-narrowing-18,python.loops,loops-set-4-assisted,loops-set-4,week-4,2026-09-28T10:00:00Z,assisted,written,Synthetic explanation: range excludes the stop value.,0.85,180,2,loops-rubric-v1,true,,system,0.87
syn-expanded-narrowing-18-cp4-unassisted,1,syn-expanded-narrowing-18,python.loops,loops-set-4-unassisted,loops-set-4,week-4,2026-09-28T10:00:00Z,unassisted,written,Synthetic attempt: I traced range as if both bounds were inclusive.,0.67,300,0,loops-rubric-v1,true,,system,0.72
syn-expanded-narrowing-18-cp5-assisted,1,syn-expanded-narrowing-18,python.loops,loops-set-5-assisted,loops-set-5,week-5,2026-10-05T10:00:00Z,assisted,written,Synthetic explanation: range excludes the stop value.,0.85,180,2,loops-rubric-v1,true,,system,0.87
syn-expanded-narrowing-18-cp5-unassisted,1,syn-expanded-narrowing-18,python.loops,loops-set-5-unassisted,loops-set-5,week-5,2026-10-05T10:00:00Z,unassisted,written,Synthetic attempt: I started the loop at 1 and stopped before n.,0.74,300,0,loops-rubric-v1,true,,system,0.79
syn-expanded-narrowing-19-cp1-assisted,1,syn-expanded-narrowing-19,python.loops,loops-set-1-assisted,loops-set-1,week-1,2026-09-07T10:00:00Z,assisted,written,Synthetic explanation: range excludes the stop value.,0.85,180,2,loops-rubric-v1,true,,system,0.87
syn-expanded-narrowing-19-cp1-unassisted,1,syn-expanded-narrowing-19,python.loops,loops-set-1-unassisted,loops-set-1,week-1,2026-09-07T10:00:00Z,unassisted,written,Synthetic attempt: I started the loop at 1 and stopped before n.,0.42,300,0,loops-rubric-v1,true,,system,0.47
syn-expanded-narrowing-19-cp2-assisted,1,syn-expanded-narrowing-19,python.loops,loops-set-2-assisted,loops-set-2,week-2,2026-09-14T10:00:00Z,assisted,written,Synthetic explanation: range excludes the stop value.,0.85,180,2,loops-rubric-v1,true,,system,0.87
syn-expanded-narrowing-19-cp2-unassisted,1,syn-expanded-narrowing-19,python.loops,loops-set-2-unassisted,loops-set-2,week-2,2026-09-14T10:00:00Z,unassisted,written,Synthetic attempt: I summed one extra element past the stop bound.,0.49,300,0,loops-rubric-v1,true,,system,0.54
syn-expanded-narrowing-19-cp3-assisted,1,syn-expanded-narrowing-19,python.loops,loops-set-3-assisted,loops-set-3,week-3,2026-09-21T10:00:00Z,assisted,written,Synthetic explanation: range excludes the stop value.,0.85,180,2,loops-rubric-v1,true,,system,0.87
syn-expanded-narrowing-19-cp3-unassisted,1,syn-expanded-narrowing-19,python.loops,loops-set-3-unassisted,loops-set-3,week-3,2026-09-21T10:00:00Z,unassisted,written,Synthetic attempt: I included the stop value when tracing the loop.,0.56,300,0,loops-rubric-v1,true,,system,0.61
syn-expanded-narrowing-19-cp4-assisted,1,syn-expanded-narrowing-19,python.loops,loops-set-4-assisted,loops-set-4,week-4,2026-09-28T10:00:00Z,assisted,written,Synthetic explanation: range excludes the stop value.,0.85,180,2,loops-rubric-v1,true,,system,0.87
syn-expanded-narrowing-19-cp4-unassisted,1,syn-expanded-narrowing-19,python.loops,loops-set-4-unassisted,loops-set-4,week-4,2026-09-28T10:00:00Z,unassisted,written,Synthetic attempt: I traced range as if both bounds were inclusive.,0.63,300,0,loops-rubric-v1,true,,system,0.68
syn-expanded-narrowing-19-cp5-assisted,1,syn-expanded-narrowing-19,python.loops,loops-set-5-assisted,loops-set-5,week-5,2026-10-05T10:00:00Z,assisted,written,Synthetic explanation: range excludes the stop value.,0.85,180,2,loops-rubric-v1,true,,system,0.87
syn-expanded-narrowing-19-cp5-unassisted,1,syn-expanded-narrowing-19,python.loops,loops-set-5-unassisted,loops-set-5,week-5,2026-10-05T10:00:00Z,unassisted,written,Synthetic attempt: I started the loop at 1 and stopped before n.,0.7,300,0,loops-rubric-v1,true,,system,0.75
syn-expanded-narrowing-20-cp1-assisted,1,syn-expanded-narrowing-20,python.loops,loops-set-1-assisted,loops-set-1,week-1,2026-09-07T10:00:00Z,assisted,written,Synthetic explanation: range excludes the stop value.,0.85,180,2,loops-rubric-v1,true,,system,0.87
syn-expanded-narrowing-20-cp1-unassisted,1,syn-expanded-narrowing-20,python.loops,loops-set-1-unassisted,loops-set-1,week-1,2026-09-07T10:00:00Z,unassisted,written,Synthetic attempt: I started the loop at 1 and stopped before n.,0.44,300,0,loops-rubric-v1,true,,system,0.49
syn-expanded-narrowing-20-cp2-assisted,1,syn-expanded-narrowing-20,python.loops,loops-set-2-assisted,loops-set-2,week-2,2026-09-14T10:00:00Z,assisted,written,Synthetic explanation: range excludes the stop value.,0.85,180,2,loops-rubric-v1,true,,system,0.87
syn-expanded-narrowing-20-cp2-unassisted,1,syn-expanded-narrowing-20,python.loops,loops-set-2-unassisted,loops-set-2,week-2,2026-09-14T10:00:00Z,unassisted,written,Synthetic attempt: I summed one extra element past the stop bound.,0.51,300,0,loops-rubric-v1,true,,system,0.56
syn-expanded-narrowing-20-cp3-assisted,1,syn-expanded-narrowing-20,python.loops,loops-set-3-assisted,loops-set-3,week-3,2026-09-21T10:00:00Z,assisted,written,Synthetic explanation: range excludes the stop value.,0.85,180,2,loops-rubric-v1,true,,system,0.87
syn-expanded-narrowing-20-cp3-unassisted,1,syn-expanded-narrowing-20,python.loops,loops-set-3-unassisted,loops-set-3,week-3,2026-09-21T10:00:00Z,unassisted,written,Synthetic attempt: I included the stop value when tracing the loop.,0.58,300,0,loops-rubric-v1,true,,system,0.63
syn-expanded-narrowing-20-cp4-assisted,1,syn-expanded-narrowing-20,python.loops,loops-set-4-assisted,loops-set-4,week-4,2026-09-28T10:00:00Z,assisted,written,Synthetic explanation: range excludes the stop value.,0.85,180,2,loops-rubric-v1,true,,system,0.87
syn-expanded-narrowing-20-cp4-unassisted,1,syn-expanded-narrowing-20,python.loops,loops-set-4-unassisted,loops-set-4,week-4,2026-09-28T10:00:00Z,unassisted,written,Synthetic attempt: I traced range as if both bounds were inclusive.,0.65,300,0,loops-rubric-v1,true,,system,0.7
syn-expanded-narrowing-20-cp5-assisted,1,syn-expanded-narrowing-20,python.loops,loops-set-5-assisted,loops-set-5,week-5,2026-10-05T10:00:00Z,assisted,written,Synthetic explanation: range excludes the stop value.,0.85,180,2,loops-rubric-v1,true,,system,0.87
syn-expanded-narrowing-20-cp5-unassisted,1,syn-expanded-narrowing-20,python.loops,loops-set-5-unassisted,loops-set-5,week-5,2026-10-05T10:00:00Z,unassisted,written,Synthetic attempt: I started the loop at 1 and stopped before n.,0.72,300,0,loops-rubric-v1,true,,system,0.77
syn-expanded-narrowing-21-cp1-assisted,1,syn-expanded-narrowing-21,python.loops,loops-set-1-assisted,loops-set-1,week-1,2026-09-07T10:00:00Z,assisted,written,Synthetic explanation: range excludes the stop value.,0.85,180,2,loops-rubric-v1,true,,system,0.87
syn-expanded-narrowing-21-cp1-unassisted,1,syn-expanded-narrowing-21,python.loops,loops-set-1-unassisted,loops-set-1,week-1,2026-09-07T10:00:00Z,unassisted,written,Synthetic attempt: I started the loop at 1 and stopped before n.,0.46,300,0,loops-rubric-v1,true,,system,0.51
syn-expanded-narrowing-21-cp2-assisted,1,syn-expanded-narrowing-21,python.loops,loops-set-2-assisted,loops-set-2,week-2,2026-09-14T10:00:00Z,assisted,written,Synthetic explanation: range excludes the stop value.,0.85,180,2,loops-rubric-v1,true,,system,0.87
syn-expanded-narrowing-21-cp2-unassisted,1,syn-expanded-narrowing-21,python.loops,loops-set-2-unassisted,loops-set-2,week-2,2026-09-14T10:00:00Z,unassisted,written,Synthetic attempt: I summed one extra element past the stop bound.,0.53,300,0,loops-rubric-v1,true,,system,0.58
syn-expanded-narrowing-21-cp3-assisted,1,syn-expanded-narrowing-21,python.loops,loops-set-3-assisted,loops-set-3,week-3,2026-09-21T10:00:00Z,assisted,written,Synthetic explanation: range excludes the stop value.,0.85,180,2,loops-rubric-v1,true,,system,0.87
syn-expanded-narrowing-21-cp3-unassisted,1,syn-expanded-narrowing-21,python.loops,loops-set-3-unassisted,loops-set-3,week-3,2026-09-21T10:00:00Z,unassisted,written,Synthetic attempt: I included the stop value when tracing the loop.,0.6,300,0,loops-rubric-v1,true,,system,0.65
syn-expanded-narrowing-21-cp4-assisted,1,syn-expanded-narrowing-21,python.loops,loops-set-4-assisted,loops-set-4,week-4,2026-09-28T10:00:00Z,assisted,written,Synthetic explanation: range excludes the stop value.,0.85,180,2,loops-rubric-v1,true,,system,0.87
syn-expanded-narrowing-21-cp4-unassisted,1,syn-expanded-narrowing-21,python.loops,loops-set-4-unassisted,loops-set-4,week-4,2026-09-28T10:00:00Z,unassisted,written,Synthetic attempt: I traced range as if both bounds were inclusive.,0.67,300,0,loops-rubric-v1,true,,system,0.72
syn-expanded-narrowing-21-cp5-assisted,1,syn-expanded-narrowing-21,python.loops,loops-set-5-assisted,loops-set-5,week-5,2026-10-05T10:00:00Z,assisted,written,Synthetic explanation: range excludes the stop value.,0.85,180,2,loops-rubric-v1,true,,system,0.87
syn-expanded-narrowing-21-cp5-unassisted,1,syn-expanded-narrowing-21,python.loops,loops-set-5-unassisted,loops-set-5,week-5,2026-10-05T10:00:00Z,unassisted,written,Synthetic attempt: I started the loop at 1 and stopped before n.,0.74,300,0,loops-rubric-v1,true,,system,0.79
syn-expanded-narrowing-22-cp1-assisted,1,syn-expanded-narrowing-22,python.loops,loops-set-1-assisted,loops-set-1,week-1,2026-09-07T10:00:00Z,assisted,written,Synthetic explanation: range excludes the stop value.,0.85,180,2,loops-rubric-v1,true,,system,0.87
syn-expanded-narrowing-22-cp1-unassisted,1,syn-expanded-narrowing-22,python.loops,loops-set-1-unassisted,loops-set-1,week-1,2026-09-07T10:00:00Z,unassisted,written,Synthetic attempt: I started the loop at 1 and stopped before n.,0.42,300,0,loops-rubric-v1,true,,system,0.47
syn-expanded-narrowing-22-cp2-assisted,1,syn-expanded-narrowing-22,python.loops,loops-set-2-assisted,loops-set-2,week-2,2026-09-14T10:00:00Z,assisted,written,Synthetic explanation: range excludes the stop value.,0.85,180,2,loops-rubric-v1,true,,system,0.87
syn-expanded-narrowing-22-cp2-unassisted,1,syn-expanded-narrowing-22,python.loops,loops-set-2-unassisted,loops-set-2,week-2,2026-09-14T10:00:00Z,unassisted,written,Synthetic attempt: I summed one extra element past the stop bound.,0.49,300,0,loops-rubric-v1,true,,system,0.54
syn-expanded-narrowing-22-cp3-assisted,1,syn-expanded-narrowing-22,python.loops,loops-set-3-assisted,loops-set-3,week-3,2026-09-21T10:00:00Z,assisted,written,Synthetic explanation: range excludes the stop value.,0.85,180,2,loops-rubric-v1,true,,system,0.87
syn-expanded-narrowing-22-cp3-unassisted,1,syn-expanded-narrowing-22,python.loops,loops-set-3-unassisted,loops-set-3,week-3,2026-09-21T10:00:00Z,unassisted,written,Synthetic attempt: I included the stop value when tracing the loop.,0.56,300,0,loops-rubric-v1,true,,system,0.61
syn-expanded-narrowing-22-cp4-assisted,1,syn-expanded-narrowing-22,python.loops,loops-set-4-assisted,loops-set-4,week-4,2026-09-28T10:00:00Z,assisted,written,Synthetic explanation: range excludes the stop value.,0.85,180,2,loops-rubric-v1,true,,system,0.87
syn-expanded-narrowing-22-cp4-unassisted,1,syn-expanded-narrowing-22,python.loops,loops-set-4-unassisted,loops-set-4,week-4,2026-09-28T10:00:00Z,unassisted,written,Synthetic attempt: I traced range as if both bounds were inclusive.,0.63,300,0,loops-rubric-v1,true,,system,0.68
syn-expanded-narrowing-22-cp5-assisted,1,syn-expanded-narrowing-22,python.loops,loops-set-5-assisted,loops-set-5,week-5,2026-10-05T10:00:00Z,assisted,written,Synthetic explanation: range excludes the stop value.,0.85,180,2,loops-rubric-v1,true,,system,0.87
syn-expanded-narrowing-22-cp5-unassisted,1,syn-expanded-narrowing-22,python.loops,loops-set-5-unassisted,loops-set-5,week-5,2026-10-05T10:00:00Z,unassisted,written,Synthetic attempt: I started the loop at 1 and stopped before n.,0.7,300,0,loops-rubric-v1,true,,system,0.75
syn-expanded-narrowing-23-cp1-assisted,1,syn-expanded-narrowing-23,python.loops,loops-set-1-assisted,loops-set-1,week-1,2026-09-07T10:00:00Z,assisted,written,Synthetic explanation: range excludes the stop value.,0.85,180,2,loops-rubric-v1,true,,system,0.87
syn-expanded-narrowing-23-cp1-unassisted,1,syn-expanded-narrowing-23,python.loops,loops-set-1-unassisted,loops-set-1,week-1,2026-09-07T10:00:00Z,unassisted,written,Synthetic attempt: I started the loop at 1 and stopped before n.,0.44,300,0,loops-rubric-v1,true,,system,0.49
syn-expanded-narrowing-23-cp2-assisted,1,syn-expanded-narrowing-23,python.loops,loops-set-2-assisted,loops-set-2,week-2,2026-09-14T10:00:00Z,assisted,written,Synthetic explanation: range excludes the stop value.,0.85,180,2,loops-rubric-v1,true,,system,0.87
syn-expanded-narrowing-23-cp2-unassisted,1,syn-expanded-narrowing-23,python.loops,loops-set-2-unassisted,loops-set-2,week-2,2026-09-14T10:00:00Z,unassisted,written,Synthetic attempt: I summed one extra element past the stop bound.,0.51,300,0,loops-rubric-v1,true,,system,0.56
syn-expanded-narrowing-23-cp3-assisted,1,syn-expanded-narrowing-23,python.loops,loops-set-3-assisted,loops-set-3,week-3,2026-09-21T10:00:00Z,assisted,written,Synthetic explanation: range excludes the stop value.,0.85,180,2,loops-rubric-v1,true,,system,0.87
syn-expanded-narrowing-23-cp3-unassisted,1,syn-expanded-narrowing-23,python.loops,loops-set-3-unassisted,loops-set-3,week-3,2026-09-21T10:00:00Z,unassisted,written,Synthetic attempt: I included the stop value when tracing the loop.,0.58,300,0,loops-rubric-v1,true,,system,0.63
syn-expanded-narrowing-23-cp4-assisted,1,syn-expanded-narrowing-23,python.loops,loops-set-4-assisted,loops-set-4,week-4,2026-09-28T10:00:00Z,assisted,written,Synthetic explanation: range excludes the stop value.,0.85,180,2,loops-rubric-v1,true,,system,0.87
syn-expanded-narrowing-23-cp4-unassisted,1,syn-expanded-narrowing-23,python.loops,loops-set-4-unassisted,loops-set-4,week-4,2026-09-28T10:00:00Z,unassisted,written,Synthetic attempt: I traced range as if both bounds were inclusive.,0.65,300,0,loops-rubric-v1,true,,system,0.7
syn-expanded-narrowing-23-cp5-assisted,1,syn-expanded-narrowing-23,python.loops,loops-set-5-assisted,loops-set-5,week-5,2026-10-05T10:00:00Z,assisted,written,Synthetic explanation: range excludes the stop value.,0.85,180,2,loops-rubric-v1,true,,system,0.87
syn-expanded-narrowing-23-cp5-unassisted,1,syn-expanded-narrowing-23,python.loops,loops-set-5-unassisted,loops-set-5,week-5,2026-10-05T10:00:00Z,unassisted,written,Synthetic attempt: I started the loop at 1 and stopped before n.,0.72,300,0,loops-rubric-v1,true,,system,0.77
syn-expanded-narrowing-24-cp1-assisted,1,syn-expanded-narrowing-24,python.loops,loops-set-1-assisted,loops-set-1,week-1,2026-09-07T10:00:00Z,assisted,written,Synthetic explanation: range excludes the stop value.,0.85,180,2,loops-rubric-v1,true,,system,0.87
syn-expanded-narrowing-24-cp1-unassisted,1,syn-expanded-narrowing-24,python.loops,loops-set-1-unassisted,loops-set-1,week-1,2026-09-07T10:00:00Z,unassisted,written,Synthetic attempt: I started the loop at 1 and stopped before n.,0.46,300,0,loops-rubric-v1,true,,system,0.51
syn-expanded-narrowing-24-cp2-assisted,1,syn-expanded-narrowing-24,python.loops,loops-set-2-assisted,loops-set-2,week-2,2026-09-14T10:00:00Z,assisted,written,Synthetic explanation: range excludes the stop value.,0.85,180,2,loops-rubric-v1,true,,system,0.87
syn-expanded-narrowing-24-cp2-unassisted,1,syn-expanded-narrowing-24,python.loops,loops-set-2-unassisted,loops-set-2,week-2,2026-09-14T10:00:00Z,unassisted,written,Synthetic attempt: I summed one extra element past the stop bound.,0.53,300,0,loops-rubric-v1,true,,system,0.58
syn-expanded-narrowing-24-cp3-assisted,1,syn-expanded-narrowing-24,python.loops,loops-set-3-assisted,loops-set-3,week-3,2026-09-21T10:00:00Z,assisted,written,Synthetic explanation: range excludes the stop value.,0.85,180,2,loops-rubric-v1,true,,system,0.87
syn-expanded-narrowing-24-cp3-unassisted,1,syn-expanded-narrowing-24,python.loops,loops-set-3-unassisted,loops-set-3,week-3,2026-09-21T10:00:00Z,unassisted,written,Synthetic attempt: I included the stop value when tracing the loop.,0.6,300,0,loops-rubric-v1,true,,system,0.65
syn-expanded-narrowing-24-cp4-assisted,1,syn-expanded-narrowing-24,python.loops,loops-set-4-assisted,loops-set-4,week-4,2026-09-28T10:00:00Z,assisted,written,Synthetic explanation: range excludes the stop value.,0.85,180,2,loops-rubric-v1,true,,system,0.87
syn-expanded-narrowing-24-cp4-unassisted,1,syn-expanded-narrowing-24,python.loops,loops-set-4-unassisted,loops-set-4,week-4,2026-09-28T10:00:00Z,unassisted,written,Synthetic attempt: I traced range as if both bounds were inclusive.,0.67,300,0,loops-rubric-v1,true,,system,0.72
syn-expanded-narrowing-24-cp5-assisted,1,syn-expanded-narrowing-24,python.loops,loops-set-5-assisted,loops-set-5,week-5,2026-10-05T10:00:00Z,assisted,written,Synthetic explanation: range excludes the stop value.,0.85,180,2,loops-rubric-v1,true,,system,0.87
syn-expanded-narrowing-24-cp5-unassisted,1,syn-expanded-narrowing-24,python.loops,loops-set-5-unassisted,loops-set-5,week-5,2026-10-05T10:00:00Z,unassisted,written,Synthetic attempt: I started the loop at 1 and stopped before n.,0.74,300,0,loops-rubric-v1,true,,system,0.79
syn-expanded-narrowing-25-cp1-assisted,1,syn-expanded-narrowing-25,python.loops,loops-set-1-assisted,loops-set-1,week-1,2026-09-07T10:00:00Z,assisted,written,Synthetic explanation: range excludes the stop value.,0.85,180,2,loops-rubric-v1,true,,system,0.87
syn-expanded-narrowing-25-cp1-unassisted,1,syn-expanded-narrowing-25,python.loops,loops-set-1-unassisted,loops-set-1,week-1,2026-09-07T10:00:00Z,unassisted,written,Synthetic attempt: I started the loop at 1 and stopped before n.,0.42,300,0,loops-rubric-v1,true,,system,0.47
syn-expanded-narrowing-25-cp2-assisted,1,syn-expanded-narrowing-25,python.loops,loops-set-2-assisted,loops-set-2,week-2,2026-09-14T10:00:00Z,assisted,written,Synthetic explanation: range excludes the stop value.,0.85,180,2,loops-rubric-v1,true,,system,0.87
syn-expanded-narrowing-25-cp2-unassisted,1,syn-expanded-narrowing-25,python.loops,loops-set-2-unassisted,loops-set-2,week-2,2026-09-14T10:00:00Z,unassisted,written,Synthetic attempt: I summed one extra element past the stop bound.,0.49,300,0,loops-rubric-v1,true,,system,0.54
syn-expanded-narrowing-25-cp3-assisted,1,syn-expanded-narrowing-25,python.loops,loops-set-3-assisted,loops-set-3,week-3,2026-09-21T10:00:00Z,assisted,written,Synthetic explanation: range excludes the stop value.,0.85,180,2,loops-rubric-v1,true,,system,0.87
syn-expanded-narrowing-25-cp3-unassisted,1,syn-expanded-narrowing-25,python.loops,loops-set-3-unassisted,loops-set-3,week-3,2026-09-21T10:00:00Z,unassisted,written,Synthetic attempt: I included the stop value when tracing the loop.,0.56,300,0,loops-rubric-v1,true,,system,0.61
syn-expanded-narrowing-25-cp4-assisted,1,syn-expanded-narrowing-25,python.loops,loops-set-4-assisted,loops-set-4,week-4,2026-09-28T10:00:00Z,assisted,written,Synthetic explanation: range excludes the stop value.,0.85,180,2,loops-rubric-v1,true,,system,0.87
syn-expanded-narrowing-25-cp4-unassisted,1,syn-expanded-narrowing-25,python.loops,loops-set-4-unassisted,loops-set-4,week-4,2026-09-28T10:00:00Z,unassisted,written,Synthetic attempt: I traced range as if both bounds were inclusive.,0.63,300,0,loops-rubric-v1,true,,system,0.68
syn-expanded-narrowing-25-cp5-assisted,1,syn-expanded-narrowing-25,python.loops,loops-set-5-assisted,loops-set-5,week-5,2026-10-05T10:00:00Z,assisted,written,Synthetic explanation: range excludes the stop value.,0.85,180,2,loops-rubric-v1,true,,system,0.87
syn-expanded-narrowing-25-cp5-unassisted,1,syn-expanded-narrowing-25,python.loops,loops-set-5-unassisted,loops-set-5,week-5,2026-10-05T10:00:00Z,unassisted,written,Synthetic attempt: I started the loop at 1 and stopped before n.,0.7,300,0,loops-rubric-v1,true,,system,0.75
syn-expanded-narrowing-26-cp1-assisted,1,syn-expanded-narrowing-26,python.loops,loops-set-1-assisted,loops-set-1,week-1,2026-09-07T10:00:00Z,assisted,written,Synthetic explanation: range excludes the stop value.,0.85,180,2,loops-rubric-v1,true,,system,0.87
syn-expanded-narrowing-26-cp1-unassisted,1,syn-expanded-narrowing-26,python.loops,loops-set-1-unassisted,loops-set-1,week-1,2026-09-07T10:00:00Z,unassisted,written,Synthetic attempt: I started the loop at 1 and stopped before n.,0.44,300,0,loops-rubric-v1,true,,system,0.49
syn-expanded-narrowing-26-cp2-assisted,1,syn-expanded-narrowing-26,python.loops,loops-set-2-assisted,loops-set-2,week-2,2026-09-14T10:00:00Z,assisted,written,Synthetic explanation: range excludes the stop value.,0.85,180,2,loops-rubric-v1,true,,system,0.87
syn-expanded-narrowing-26-cp2-unassisted,1,syn-expanded-narrowing-26,python.loops,loops-set-2-unassisted,loops-set-2,week-2,2026-09-14T10:00:00Z,unassisted,written,Synthetic attempt: I summed one extra element past the stop bound.,0.51,300,0,loops-rubric-v1,true,,system,0.56
syn-expanded-narrowing-26-cp3-assisted,1,syn-expanded-narrowing-26,python.loops,loops-set-3-assisted,loops-set-3,week-3,2026-09-21T10:00:00Z,assisted,written,Synthetic explanation: range excludes the stop value.,0.85,180,2,loops-rubric-v1,true,,system,0.87
syn-expanded-narrowing-26-cp3-unassisted,1,syn-expanded-narrowing-26,python.loops,loops-set-3-unassisted,loops-set-3,week-3,2026-09-21T10:00:00Z,unassisted,written,Synthetic attempt: I included the stop value when tracing the loop.,0.58,300,0,loops-rubric-v1,true,,system,0.63
syn-expanded-narrowing-26-cp4-assisted,1,syn-expanded-narrowing-26,python.loops,loops-set-4-assisted,loops-set-4,week-4,2026-09-28T10:00:00Z,assisted,written,Synthetic explanation: range excludes the stop value.,0.85,180,2,loops-rubric-v1,true,,system,0.87
syn-expanded-narrowing-26-cp4-unassisted,1,syn-expanded-narrowing-26,python.loops,loops-set-4-unassisted,loops-set-4,week-4,2026-09-28T10:00:00Z,unassisted,written,Synthetic attempt: I traced range as if both bounds were inclusive.,0.65,300,0,loops-rubric-v1,true,,system,0.7
syn-expanded-narrowing-26-cp5-assisted,1,syn-expanded-narrowing-26,python.loops,loops-set-5-assisted,loops-set-5,week-5,2026-10-05T10:00:00Z,assisted,written,Synthetic explanation: range excludes the stop value.,0.85,180,2,loops-rubric-v1,true,,system,0.87
syn-expanded-narrowing-26-cp5-unassisted,1,syn-expanded-narrowing-26,python.loops,loops-set-5-unassisted,loops-set-5,week-5,2026-10-05T10:00:00Z,unassisted,written,Synthetic attempt: I started the loop at 1 and stopped before n.,0.72,300,0,loops-rubric-v1,true,,system,0.77
syn-expanded-narrowing-27-cp1-assisted,1,syn-expanded-narrowing-27,python.loops,loops-set-1-assisted,loops-set-1,week-1,2026-09-07T10:00:00Z,assisted,written,Synthetic explanation: range excludes the stop value.,0.85,180,2,loops-rubric-v1,true,,system,0.87
syn-expanded-narrowing-27-cp1-unassisted,1,syn-expanded-narrowing-27,python.loops,loops-set-1-unassisted,loops-set-1,week-1,2026-09-07T10:00:00Z,unassisted,written,Synthetic attempt: I started the loop at 1 and stopped before n.,0.46,300,0,loops-rubric-v1,true,,system,0.51
syn-expanded-narrowing-27-cp2-assisted,1,syn-expanded-narrowing-27,python.loops,loops-set-2-assisted,loops-set-2,week-2,2026-09-14T10:00:00Z,assisted,written,Synthetic explanation: range excludes the stop value.,0.85,180,2,loops-rubric-v1,true,,system,0.87
syn-expanded-narrowing-27-cp2-unassisted,1,syn-expanded-narrowing-27,python.loops,loops-set-2-unassisted,loops-set-2,week-2,2026-09-14T10:00:00Z,unassisted,written,Synthetic attempt: I summed one extra element past the stop bound.,0.53,300,0,loops-rubric-v1,true,,system,0.58
syn-expanded-narrowing-27-cp3-assisted,1,syn-expanded-narrowing-27,python.loops,loops-set-3-assisted,loops-set-3,week-3,2026-09-21T10:00:00Z,assisted,written,Synthetic explanation: range excludes the stop value.,0.85,180,2,loops-rubric-v1,true,,system,0.87
syn-expanded-narrowing-27-cp3-unassisted,1,syn-expanded-narrowing-27,python.loops,loops-set-3-unassisted,loops-set-3,week-3,2026-09-21T10:00:00Z,unassisted,written,Synthetic attempt: I included the stop value when tracing the loop.,0.6,300,0,loops-rubric-v1,true,,system,0.65
syn-expanded-narrowing-27-cp4-assisted,1,syn-expanded-narrowing-27,python.loops,loops-set-4-assisted,loops-set-4,week-4,2026-09-28T10:00:00Z,assisted,written,Synthetic explanation: range excludes the stop value.,0.85,180,2,loops-rubric-v1,true,,system,0.87
syn-expanded-narrowing-27-cp4-unassisted,1,syn-expanded-narrowing-27,python.loops,loops-set-4-unassisted,loops-set-4,week-4,2026-09-28T10:00:00Z,unassisted,written,Synthetic attempt: I traced range as if both bounds were inclusive.,0.67,300,0,loops-rubric-v1,true,,system,0.72
syn-expanded-narrowing-27-cp5-assisted,1,syn-expanded-narrowing-27,python.loops,loops-set-5-assisted,loops-set-5,week-5,2026-10-05T10:00:00Z,assisted,written,Synthetic explanation: range excludes the stop value.,0.85,180,2,loops-rubric-v1,true,,system,0.87
syn-expanded-narrowing-27-cp5-unassisted,1,syn-expanded-narrowing-27,python.loops,loops-set-5-unassisted,loops-set-5,week-5,2026-10-05T10:00:00Z,unassisted,written,Synthetic attempt: I started the loop at 1 and stopped before n.,0.74,300,0,loops-rubric-v1,true,,system,0.79
syn-expanded-narrowing-28-cp1-assisted,1,syn-expanded-narrowing-28,python.loops,loops-set-1-assisted,loops-set-1,week-1,2026-09-07T10:00:00Z,assisted,written,Synthetic explanation: range excludes the stop value.,0.85,180,2,loops-rubric-v1,true,,system,0.87
syn-expanded-narrowing-28-cp1-unassisted,1,syn-expanded-narrowing-28,python.loops,loops-set-1-unassisted,loops-set-1,week-1,2026-09-07T10:00:00Z,unassisted,written,Synthetic attempt: I started the loop at 1 and stopped before n.,0.42,300,0,loops-rubric-v1,true,,system,0.47
syn-expanded-narrowing-28-cp2-assisted,1,syn-expanded-narrowing-28,python.loops,loops-set-2-assisted,loops-set-2,week-2,2026-09-14T10:00:00Z,assisted,written,Synthetic explanation: range excludes the stop value.,0.85,180,2,loops-rubric-v1,true,,system,0.87
syn-expanded-narrowing-28-cp2-unassisted,1,syn-expanded-narrowing-28,python.loops,loops-set-2-unassisted,loops-set-2,week-2,2026-09-14T10:00:00Z,unassisted,written,Synthetic attempt: I summed one extra element past the stop bound.,0.49,300,0,loops-rubric-v1,true,,system,0.54
syn-expanded-narrowing-28-cp3-assisted,1,syn-expanded-narrowing-28,python.loops,loops-set-3-assisted,loops-set-3,week-3,2026-09-21T10:00:00Z,assisted,written,Synthetic explanation: range excludes the stop value.,0.85,180,2,loops-rubric-v1,true,,system,0.87
syn-expanded-narrowing-28-cp3-unassisted,1,syn-expanded-narrowing-28,python.loops,loops-set-3-unassisted,loops-set-3,week-3,2026-09-21T10:00:00Z,unassisted,written,Synthetic attempt: I included the stop value when tracing the loop.,0.56,300,0,loops-rubric-v1,true,,system,0.61
syn-expanded-narrowing-28-cp4-assisted,1,syn-expanded-narrowing-28,python.loops,loops-set-4-assisted,loops-set-4,week-4,2026-09-28T10:00:00Z,assisted,written,Synthetic explanation: range excludes the stop value.,0.85,180,2,loops-rubric-v1,true,,system,0.87
syn-expanded-narrowing-28-cp4-unassisted,1,syn-expanded-narrowing-28,python.loops,loops-set-4-unassisted,loops-set-4,week-4,2026-09-28T10:00:00Z,unassisted,written,Synthetic attempt: I traced range as if both bounds were inclusive.,0.63,300,0,loops-rubric-v1,true,,system,0.68
syn-expanded-narrowing-28-cp5-assisted,1,syn-expanded-narrowing-28,python.loops,loops-set-5-assisted,loops-set-5,week-5,2026-10-05T10:00:00Z,assisted,written,Synthetic explanation: range excludes the stop value.,0.85,180,2,loops-rubric-v1,true,,system,0.87
syn-expanded-narrowing-28-cp5-unassisted,1,syn-expanded-narrowing-28,python.loops,loops-set-5-unassisted,loops-set-5,week-5,2026-10-05T10:00:00Z,unassisted,written,Synthetic attempt: I started the loop at 1 and stopped before n.,0.7,300,0,loops-rubric-v1,true,,system,0.75
syn-expanded-narrowing-29-cp1-assisted,1,syn-expanded-narrowing-29,python.loops,loops-set-1-assisted,loops-set-1,week-1,2026-09-07T10:00:00Z,assisted,written,Synthetic explanation: range excludes the stop value.,0.85,180,2,loops-rubric-v1,true,,system,0.87
syn-expanded-narrowing-29-cp1-unassisted,1,syn-expanded-narrowing-29,python.loops,loops-set-1-unassisted,loops-set-1,week-1,2026-09-07T10:00:00Z,unassisted,written,Synthetic attempt: I started the loop at 1 and stopped before n.,0.44,300,0,loops-rubric-v1,true,,system,0.49
syn-expanded-narrowing-29-cp2-assisted,1,syn-expanded-narrowing-29,python.loops,loops-set-2-assisted,loops-set-2,week-2,2026-09-14T10:00:00Z,assisted,written,Synthetic explanation: range excludes the stop value.,0.85,180,2,loops-rubric-v1,true,,system,0.87
syn-expanded-narrowing-29-cp2-unassisted,1,syn-expanded-narrowing-29,python.loops,loops-set-2-unassisted,loops-set-2,week-2,2026-09-14T10:00:00Z,unassisted,written,Synthetic attempt: I summed one extra element past the stop bound.,0.51,300,0,loops-rubric-v1,true,,system,0.56
syn-expanded-narrowing-29-cp3-assisted,1,syn-expanded-narrowing-29,python.loops,loops-set-3-assisted,loops-set-3,week-3,2026-09-21T10:00:00Z,assisted,written,Synthetic explanation: range excludes the stop value.,0.85,180,2,loops-rubric-v1,true,,system,0.87
syn-expanded-narrowing-29-cp3-unassisted,1,syn-expanded-narrowing-29,python.loops,loops-set-3-unassisted,loops-set-3,week-3,2026-09-21T10:00:00Z,unassisted,written,Synthetic attempt: I included the stop value when tracing the loop.,0.58,300,0,loops-rubric-v1,true,,system,0.63
syn-expanded-narrowing-29-cp4-assisted,1,syn-expanded-narrowing-29,python.loops,loops-set-4-assisted,loops-set-4,week-4,2026-09-28T10:00:00Z,assisted,written,Synthetic explanation: range excludes the stop value.,0.85,180,2,loops-rubric-v1,true,,system,0.87
syn-expanded-narrowing-29-cp4-unassisted,1,syn-expanded-narrowing-29,python.loops,loops-set-4-unassisted,loops-set-4,week-4,2026-09-28T10:00:00Z,unassisted,written,Synthetic attempt: I traced range as if both bounds were inclusive.,0.65,300,0,loops-rubric-v1,true,,system,0.7
syn-expanded-narrowing-29-cp5-assisted,1,syn-expanded-narrowing-29,python.loops,loops-set-5-assisted,loops-set-5,week-5,2026-10-05T10:00:00Z,assisted,written,Synthetic explanation: range excludes the stop value.,0.85,180,2,loops-rubric-v1,true,,system,0.87
syn-expanded-narrowing-29-cp5-unassisted,1,syn-expanded-narrowing-29,python.loops,loops-set-5-unassisted,loops-set-5,week-5,2026-10-05T10:00:00Z,unassisted,written,Synthetic attempt: I started the loop at 1 and stopped before n.,0.72,300,0,loops-rubric-v1,true,,system,0.77
syn-expanded-narrowing-30-cp1-assisted,1,syn-expanded-narrowing-30,python.loops,loops-set-1-assisted,loops-set-1,week-1,2026-09-07T10:00:00Z,assisted,written,Synthetic explanation: range excludes the stop value.,0.85,180,2,loops-rubric-v1,true,,system,0.87
syn-expanded-narrowing-30-cp1-unassisted,1,syn-expanded-narrowing-30,python.loops,loops-set-1-unassisted,loops-set-1,week-1,2026-09-07T10:00:00Z,unassisted,written,Synthetic attempt: I started the loop at 1 and stopped before n.,0.46,300,0,loops-rubric-v1,true,,system,0.51
syn-expanded-narrowing-30-cp2-assisted,1,syn-expanded-narrowing-30,python.loops,loops-set-2-assisted,loops-set-2,week-2,2026-09-14T10:00:00Z,assisted,written,Synthetic explanation: range excludes the stop value.,0.85,180,2,loops-rubric-v1,true,,system,0.87
syn-expanded-narrowing-30-cp2-unassisted,1,syn-expanded-narrowing-30,python.loops,loops-set-2-unassisted,loops-set-2,week-2,2026-09-14T10:00:00Z,unassisted,written,Synthetic attempt: I summed one extra element past the stop bound.,0.53,300,0,loops-rubric-v1,true,,system,0.58
syn-expanded-narrowing-30-cp3-assisted,1,syn-expanded-narrowing-30,python.loops,loops-set-3-assisted,loops-set-3,week-3,2026-09-21T10:00:00Z,assisted,written,Synthetic explanation: range excludes the stop value.,0.85,180,2,loops-rubric-v1,true,,system,0.87
syn-expanded-narrowing-30-cp3-unassisted,1,syn-expanded-narrowing-30,python.loops,loops-set-3-unassisted,loops-set-3,week-3,2026-09-21T10:00:00Z,unassisted,written,Synthetic attempt: I included the stop value when tracing the loop.,0.6,300,0,loops-rubric-v1,true,,system,0.65
syn-expanded-narrowing-30-cp4-assisted,1,syn-expanded-narrowing-30,python.loops,loops-set-4-assisted,loops-set-4,week-4,2026-09-28T10:00:00Z,assisted,written,Synthetic explanation: range excludes the stop value.,0.85,180,2,loops-rubric-v1,true,,system,0.87
syn-expanded-narrowing-30-cp4-unassisted,1,syn-expanded-narrowing-30,python.loops,loops-set-4-unassisted,loops-set-4,week-4,2026-09-28T10:00:00Z,unassisted,written,Synthetic attempt: I traced range as if both bounds were inclusive.,0.67,300,0,loops-rubric-v1,true,,system,0.72
syn-expanded-narrowing-30-cp5-assisted,1,syn-expanded-narrowing-30,python.loops,loops-set-5-assisted,loops-set-5,week-5,2026-10-05T10:00:00Z,assisted,written,Synthetic explanation: range excludes the stop value.,0.85,180,2,loops-rubric-v1,true,,system,0.87
syn-expanded-narrowing-30-cp5-unassisted,1,syn-expanded-narrowing-30,python.loops,loops-set-5-unassisted,loops-set-5,week-5,2026-10-05T10:00:00Z,unassisted,written,Synthetic attempt: I started the loop at 1 and stopped before n.,0.74,300,0,loops-rubric-v1,true,,system,0.79
syn-expanded-narrowing-31-cp1-assisted,1,syn-expanded-narrowing-31,python.loops,loops-set-1-assisted,loops-set-1,week-1,2026-09-07T10:00:00Z,assisted,written,Synthetic explanation: range excludes the stop value.,0.85,180,2,loops-rubric-v1,true,,system,0.87
syn-expanded-narrowing-31-cp1-unassisted,1,syn-expanded-narrowing-31,python.loops,loops-set-1-unassisted,loops-set-1,week-1,2026-09-07T10:00:00Z,unassisted,written,Synthetic attempt: I started the loop at 1 and stopped before n.,0.42,300,0,loops-rubric-v1,true,,system,0.47
syn-expanded-narrowing-31-cp2-assisted,1,syn-expanded-narrowing-31,python.loops,loops-set-2-assisted,loops-set-2,week-2,2026-09-14T10:00:00Z,assisted,written,Synthetic explanation: range excludes the stop value.,0.85,180,2,loops-rubric-v1,true,,system,0.87
syn-expanded-narrowing-31-cp2-unassisted,1,syn-expanded-narrowing-31,python.loops,loops-set-2-unassisted,loops-set-2,week-2,2026-09-14T10:00:00Z,unassisted,written,Synthetic attempt: I summed one extra element past the stop bound.,0.49,300,0,loops-rubric-v1,true,,system,0.54
syn-expanded-narrowing-31-cp3-assisted,1,syn-expanded-narrowing-31,python.loops,loops-set-3-assisted,loops-set-3,week-3,2026-09-21T10:00:00Z,assisted,written,Synthetic explanation: range excludes the stop value.,0.85,180,2,loops-rubric-v1,true,,system,0.87
syn-expanded-narrowing-31-cp3-unassisted,1,syn-expanded-narrowing-31,python.loops,loops-set-3-unassisted,loops-set-3,week-3,2026-09-21T10:00:00Z,unassisted,written,Synthetic attempt: I included the stop value when tracing the loop.,0.56,300,0,loops-rubric-v1,true,,system,0.61
syn-expanded-narrowing-31-cp4-assisted,1,syn-expanded-narrowing-31,python.loops,loops-set-4-assisted,loops-set-4,week-4,2026-09-28T10:00:00Z,assisted,written,Synthetic explanation: range excludes the stop value.,0.85,180,2,loops-rubric-v1,true,,system,0.87
syn-expanded-narrowing-31-cp4-unassisted,1,syn-expanded-narrowing-31,python.loops,loops-set-4-unassisted,loops-set-4,week-4,2026-09-28T10:00:00Z,unassisted,written,Synthetic attempt: I traced range as if both bounds were inclusive.,0.63,300,0,loops-rubric-v1,true,,system,0.68
syn-expanded-narrowing-31-cp5-assisted,1,syn-expanded-narrowing-31,python.loops,loops-set-5-assisted,loops-set-5,week-5,2026-10-05T10:00:00Z,assisted,written,Synthetic explanation: range excludes the stop value.,0.85,180,2,loops-rubric-v1,true,,system,0.87
syn-expanded-narrowing-31-cp5-unassisted,1,syn-expanded-narrowing-31,python.loops,loops-set-5-unassisted,loops-set-5,week-5,2026-10-05T10:00:00Z,unassisted,written,Synthetic attempt: I started the loop at 1 and stopped before n.,0.7,300,0,loops-rubric-v1,true,,system,0.75
syn-expanded-stable-1-cp1-assisted,1,syn-expanded-stable-1,python.loops,loops-set-1-assisted,loops-set-1,week-1,2026-09-07T10:00:00Z,assisted,written,Synthetic explanation: range excludes the stop value.,0.85,180,2,loops-rubric-v1,true,,system,0.87
syn-expanded-stable-1-cp1-unassisted,1,syn-expanded-stable-1,python.loops,loops-set-1-unassisted,loops-set-1,week-1,2026-09-07T10:00:00Z,unassisted,written,Synthetic attempt: I started the loop at 1 and stopped before n.,0.72,300,0,loops-rubric-v1,true,,system,0.77
syn-expanded-stable-1-cp2-assisted,1,syn-expanded-stable-1,python.loops,loops-set-2-assisted,loops-set-2,week-2,2026-09-14T10:00:00Z,assisted,written,Synthetic explanation: range excludes the stop value.,0.85,180,2,loops-rubric-v1,true,,system,0.87
syn-expanded-stable-1-cp2-unassisted,1,syn-expanded-stable-1,python.loops,loops-set-2-unassisted,loops-set-2,week-2,2026-09-14T10:00:00Z,unassisted,written,Synthetic attempt: I summed one extra element past the stop bound.,0.72,300,0,loops-rubric-v1,true,,system,0.77
syn-expanded-stable-1-cp3-assisted,1,syn-expanded-stable-1,python.loops,loops-set-3-assisted,loops-set-3,week-3,2026-09-21T10:00:00Z,assisted,written,Synthetic explanation: range excludes the stop value.,0.85,180,2,loops-rubric-v1,true,,system,0.87
syn-expanded-stable-1-cp3-unassisted,1,syn-expanded-stable-1,python.loops,loops-set-3-unassisted,loops-set-3,week-3,2026-09-21T10:00:00Z,unassisted,written,Synthetic attempt: I included the stop value when tracing the loop.,0.72,300,0,loops-rubric-v1,true,,system,0.77
syn-expanded-stable-1-cp4-assisted,1,syn-expanded-stable-1,python.loops,loops-set-4-assisted,loops-set-4,week-4,2026-09-28T10:00:00Z,assisted,written,Synthetic explanation: range excludes the stop value.,0.85,180,2,loops-rubric-v1,true,,system,0.87
syn-expanded-stable-1-cp4-unassisted,1,syn-expanded-stable-1,python.loops,loops-set-4-unassisted,loops-set-4,week-4,2026-09-28T10:00:00Z,unassisted,written,Synthetic attempt: I traced range as if both bounds were inclusive.,0.72,300,0,loops-rubric-v1,true,,system,0.77
syn-expanded-stable-1-cp5-assisted,1,syn-expanded-stable-1,python.loops,loops-set-5-assisted,loops-set-5,week-5,2026-10-05T10:00:00Z,assisted,written,Synthetic explanation: range excludes the stop value.,0.85,180,2,loops-rubric-v1,true,,system,0.87
syn-expanded-stable-1-cp5-unassisted,1,syn-expanded-stable-1,python.loops,loops-set-5-unassisted,loops-set-5,week-5,2026-10-05T10:00:00Z,unassisted,written,Synthetic attempt: I started the loop at 1 and stopped before n.,0.72,300,0,loops-rubric-v1,true,,system,0.77
syn-expanded-stable-2-cp1-assisted,1,syn-expanded-stable-2,python.loops,loops-set-1-assisted,loops-set-1,week-1,2026-09-07T10:00:00Z,assisted,written,Synthetic explanation: range excludes the stop value.,0.85,180,2,loops-rubric-v1,true,,system,0.87
syn-expanded-stable-2-cp1-unassisted,1,syn-expanded-stable-2,python.loops,loops-set-1-unassisted,loops-set-1,week-1,2026-09-07T10:00:00Z,unassisted,written,Synthetic attempt: I started the loop at 1 and stopped before n.,0.75,300,0,loops-rubric-v1,true,,system,0.8
syn-expanded-stable-2-cp2-assisted,1,syn-expanded-stable-2,python.loops,loops-set-2-assisted,loops-set-2,week-2,2026-09-14T10:00:00Z,assisted,written,Synthetic explanation: range excludes the stop value.,0.85,180,2,loops-rubric-v1,true,,system,0.87
syn-expanded-stable-2-cp2-unassisted,1,syn-expanded-stable-2,python.loops,loops-set-2-unassisted,loops-set-2,week-2,2026-09-14T10:00:00Z,unassisted,written,Synthetic attempt: I summed one extra element past the stop bound.,0.75,300,0,loops-rubric-v1,true,,system,0.8
syn-expanded-stable-2-cp3-assisted,1,syn-expanded-stable-2,python.loops,loops-set-3-assisted,loops-set-3,week-3,2026-09-21T10:00:00Z,assisted,written,Synthetic explanation: range excludes the stop value.,0.85,180,2,loops-rubric-v1,true,,system,0.87
syn-expanded-stable-2-cp3-unassisted,1,syn-expanded-stable-2,python.loops,loops-set-3-unassisted,loops-set-3,week-3,2026-09-21T10:00:00Z,unassisted,written,Synthetic attempt: I included the stop value when tracing the loop.,0.75,300,0,loops-rubric-v1,true,,system,0.8
syn-expanded-stable-2-cp4-assisted,1,syn-expanded-stable-2,python.loops,loops-set-4-assisted,loops-set-4,week-4,2026-09-28T10:00:00Z,assisted,written,Synthetic explanation: range excludes the stop value.,0.85,180,2,loops-rubric-v1,true,,system,0.87
syn-expanded-stable-2-cp4-unassisted,1,syn-expanded-stable-2,python.loops,loops-set-4-unassisted,loops-set-4,week-4,2026-09-28T10:00:00Z,unassisted,written,Synthetic attempt: I traced range as if both bounds were inclusive.,0.75,300,0,loops-rubric-v1,true,,system,0.8
syn-expanded-stable-2-cp5-assisted,1,syn-expanded-stable-2,python.loops,loops-set-5-assisted,loops-set-5,week-5,2026-10-05T10:00:00Z,assisted,written,Synthetic explanation: range excludes the stop value.,0.85,180,2,loops-rubric-v1,true,,system,0.87
syn-expanded-stable-2-cp5-unassisted,1,syn-expanded-stable-2,python.loops,loops-set-5-unassisted,loops-set-5,week-5,2026-10-05T10:00:00Z,unassisted,written,Synthetic attempt: I started the loop at 1 and stopped before n.,0.75,300,0,loops-rubric-v1,true,,system,0.8
syn-expanded-stable-3-cp1-assisted,1,syn-expanded-stable-3,python.loops,loops-set-1-assisted,loops-set-1,week-1,2026-09-07T10:00:00Z,assisted,written,Synthetic explanation: range excludes the stop value.,0.85,180,2,loops-rubric-v1,true,,system,0.87
syn-expanded-stable-3-cp1-unassisted,1,syn-expanded-stable-3,python.loops,loops-set-1-unassisted,loops-set-1,week-1,2026-09-07T10:00:00Z,unassisted,written,Synthetic attempt: I started the loop at 1 and stopped before n.,0.66,300,0,loops-rubric-v1,true,,system,0.71
syn-expanded-stable-3-cp2-assisted,1,syn-expanded-stable-3,python.loops,loops-set-2-assisted,loops-set-2,week-2,2026-09-14T10:00:00Z,assisted,written,Synthetic explanation: range excludes the stop value.,0.85,180,2,loops-rubric-v1,true,,system,0.87
syn-expanded-stable-3-cp2-unassisted,1,syn-expanded-stable-3,python.loops,loops-set-2-unassisted,loops-set-2,week-2,2026-09-14T10:00:00Z,unassisted,written,Synthetic attempt: I summed one extra element past the stop bound.,0.66,300,0,loops-rubric-v1,true,,system,0.71
syn-expanded-stable-3-cp3-assisted,1,syn-expanded-stable-3,python.loops,loops-set-3-assisted,loops-set-3,week-3,2026-09-21T10:00:00Z,assisted,written,Synthetic explanation: range excludes the stop value.,0.85,180,2,loops-rubric-v1,true,,system,0.87
syn-expanded-stable-3-cp3-unassisted,1,syn-expanded-stable-3,python.loops,loops-set-3-unassisted,loops-set-3,week-3,2026-09-21T10:00:00Z,unassisted,written,Synthetic attempt: I included the stop value when tracing the loop.,0.66,300,0,loops-rubric-v1,true,,system,0.71
syn-expanded-stable-3-cp4-assisted,1,syn-expanded-stable-3,python.loops,loops-set-4-assisted,loops-set-4,week-4,2026-09-28T10:00:00Z,assisted,written,Synthetic explanation: range excludes the stop value.,0.85,180,2,loops-rubric-v1,true,,system,0.87
syn-expanded-stable-3-cp4-unassisted,1,syn-expanded-stable-3,python.loops,loops-set-4-unassisted,loops-set-4,week-4,2026-09-28T10:00:00Z,unassisted,written,Synthetic attempt: I traced range as if both bounds were inclusive.,0.66,300,0,loops-rubric-v1,true,,system,0.71
syn-expanded-stable-3-cp5-assisted,1,syn-expanded-stable-3,python.loops,loops-set-5-assisted,loops-set-5,week-5,2026-10-05T10:00:00Z,assisted,written,Synthetic explanation: range excludes the stop value.,0.85,180,2,loops-rubric-v1,true,,system,0.87
syn-expanded-stable-3-cp5-unassisted,1,syn-expanded-stable-3,python.loops,loops-set-5-unassisted,loops-set-5,week-5,2026-10-05T10:00:00Z,unassisted,written,Synthetic attempt: I started the loop at 1 and stopped before n.,0.66,300,0,loops-rubric-v1,true,,system,0.71
syn-expanded-stable-4-cp1-assisted,1,syn-expanded-stable-4,python.loops,loops-set-1-assisted,loops-set-1,week-1,2026-09-07T10:00:00Z,assisted,written,Synthetic explanation: range excludes the stop value.,0.85,180,2,loops-rubric-v1,true,,system,0.87
syn-expanded-stable-4-cp1-unassisted,1,syn-expanded-stable-4,python.loops,loops-set-1-unassisted,loops-set-1,week-1,2026-09-07T10:00:00Z,unassisted,written,Synthetic attempt: I started the loop at 1 and stopped before n.,0.69,300,0,loops-rubric-v1,true,,system,0.74
syn-expanded-stable-4-cp2-assisted,1,syn-expanded-stable-4,python.loops,loops-set-2-assisted,loops-set-2,week-2,2026-09-14T10:00:00Z,assisted,written,Synthetic explanation: range excludes the stop value.,0.85,180,2,loops-rubric-v1,true,,system,0.87
syn-expanded-stable-4-cp2-unassisted,1,syn-expanded-stable-4,python.loops,loops-set-2-unassisted,loops-set-2,week-2,2026-09-14T10:00:00Z,unassisted,written,Synthetic attempt: I summed one extra element past the stop bound.,0.69,300,0,loops-rubric-v1,true,,system,0.74
syn-expanded-stable-4-cp3-assisted,1,syn-expanded-stable-4,python.loops,loops-set-3-assisted,loops-set-3,week-3,2026-09-21T10:00:00Z,assisted,written,Synthetic explanation: range excludes the stop value.,0.85,180,2,loops-rubric-v1,true,,system,0.87
syn-expanded-stable-4-cp3-unassisted,1,syn-expanded-stable-4,python.loops,loops-set-3-unassisted,loops-set-3,week-3,2026-09-21T10:00:00Z,unassisted,written,Synthetic attempt: I included the stop value when tracing the loop.,0.69,300,0,loops-rubric-v1,true,,system,0.74
syn-expanded-stable-4-cp4-assisted,1,syn-expanded-stable-4,python.loops,loops-set-4-assisted,loops-set-4,week-4,2026-09-28T10:00:00Z,assisted,written,Synthetic explanation: range excludes the stop value.,0.85,180,2,loops-rubric-v1,true,,system,0.87
syn-expanded-stable-4-cp4-unassisted,1,syn-expanded-stable-4,python.loops,loops-set-4-unassisted,loops-set-4,week-4,2026-09-28T10:00:00Z,unassisted,written,Synthetic attempt: I traced range as if both bounds were inclusive.,0.69,300,0,loops-rubric-v1,true,,system,0.74
syn-expanded-stable-4-cp5-assisted,1,syn-expanded-stable-4,python.loops,loops-set-5-assisted,loops-set-5,week-5,2026-10-05T10:00:00Z,assisted,written,Synthetic explanation: range excludes the stop value.,0.85,180,2,loops-rubric-v1,true,,system,0.87
syn-expanded-stable-4-cp5-unassisted,1,syn-expanded-stable-4,python.loops,loops-set-5-unassisted,loops-set-5,week-5,2026-10-05T10:00:00Z,unassisted,written,Synthetic attempt: I started the loop at 1 and stopped before n.,0.69,300,0,loops-rubric-v1,true,,system,0.74
syn-expanded-stable-5-cp1-assisted,1,syn-expanded-stable-5,python.loops,loops-set-1-assisted,loops-set-1,week-1,2026-09-07T10:00:00Z,assisted,written,Synthetic explanation: range excludes the stop value.,0.85,180,2,loops-rubric-v1,true,,system,0.87
syn-expanded-stable-5-cp1-unassisted,1,syn-expanded-stable-5,python.loops,loops-set-1-unassisted,loops-set-1,week-1,2026-09-07T10:00:00Z,unassisted,written,Synthetic attempt: I started the loop at 1 and stopped before n.,0.72,300,0,loops-rubric-v1,true,,system,0.77
syn-expanded-stable-5-cp2-assisted,1,syn-expanded-stable-5,python.loops,loops-set-2-assisted,loops-set-2,week-2,2026-09-14T10:00:00Z,assisted,written,Synthetic explanation: range excludes the stop value.,0.85,180,2,loops-rubric-v1,true,,system,0.87
syn-expanded-stable-5-cp2-unassisted,1,syn-expanded-stable-5,python.loops,loops-set-2-unassisted,loops-set-2,week-2,2026-09-14T10:00:00Z,unassisted,written,Synthetic attempt: I summed one extra element past the stop bound.,0.72,300,0,loops-rubric-v1,true,,system,0.77
syn-expanded-stable-5-cp3-assisted,1,syn-expanded-stable-5,python.loops,loops-set-3-assisted,loops-set-3,week-3,2026-09-21T10:00:00Z,assisted,written,Synthetic explanation: range excludes the stop value.,0.85,180,2,loops-rubric-v1,true,,system,0.87
syn-expanded-stable-5-cp3-unassisted,1,syn-expanded-stable-5,python.loops,loops-set-3-unassisted,loops-set-3,week-3,2026-09-21T10:00:00Z,unassisted,written,Synthetic attempt: I included the stop value when tracing the loop.,0.72,300,0,loops-rubric-v1,true,,system,0.77
syn-expanded-stable-5-cp4-assisted,1,syn-expanded-stable-5,python.loops,loops-set-4-assisted,loops-set-4,week-4,2026-09-28T10:00:00Z,assisted,written,Synthetic explanation: range excludes the stop value.,0.85,180,2,loops-rubric-v1,true,,system,0.87
syn-expanded-stable-5-cp4-unassisted,1,syn-expanded-stable-5,python.loops,loops-set-4-unassisted,loops-set-4,week-4,2026-09-28T10:00:00Z,unassisted,written,Synthetic attempt: I traced range as if both bounds were inclusive.,0.72,300,0,loops-rubric-v1,true,,system,0.77
syn-expanded-stable-5-cp5-assisted,1,syn-expanded-stable-5,python.loops,loops-set-5-assisted,loops-set-5,week-5,2026-10-05T10:00:00Z,assisted,written,Synthetic explanation: range excludes the stop value.,0.85,180,2,loops-rubric-v1,true,,system,0.87
syn-expanded-stable-5-cp5-unassisted,1,syn-expanded-stable-5,python.loops,loops-set-5-unassisted,loops-set-5,week-5,2026-10-05T10:00:00Z,unassisted,written,Synthetic attempt: I started the loop at 1 and stopped before n.,0.72,300,0,loops-rubric-v1,true,,system,0.77
syn-expanded-stable-6-cp1-assisted,1,syn-expanded-stable-6,python.loops,loops-set-1-assisted,loops-set-1,week-1,2026-09-07T10:00:00Z,assisted,written,Synthetic explanation: range excludes the stop value.,0.85,180,2,loops-rubric-v1,true,,system,0.87
syn-expanded-stable-6-cp1-unassisted,1,syn-expanded-stable-6,python.loops,loops-set-1-unassisted,loops-set-1,week-1,2026-09-07T10:00:00Z,unassisted,written,Synthetic attempt: I started the loop at 1 and stopped before n.,0.75,300,0,loops-rubric-v1,true,,system,0.8
syn-expanded-stable-6-cp2-assisted,1,syn-expanded-stable-6,python.loops,loops-set-2-assisted,loops-set-2,week-2,2026-09-14T10:00:00Z,assisted,written,Synthetic explanation: range excludes the stop value.,0.85,180,2,loops-rubric-v1,true,,system,0.87
syn-expanded-stable-6-cp2-unassisted,1,syn-expanded-stable-6,python.loops,loops-set-2-unassisted,loops-set-2,week-2,2026-09-14T10:00:00Z,unassisted,written,Synthetic attempt: I summed one extra element past the stop bound.,0.75,300,0,loops-rubric-v1,true,,system,0.8
syn-expanded-stable-6-cp3-assisted,1,syn-expanded-stable-6,python.loops,loops-set-3-assisted,loops-set-3,week-3,2026-09-21T10:00:00Z,assisted,written,Synthetic explanation: range excludes the stop value.,0.85,180,2,loops-rubric-v1,true,,system,0.87
syn-expanded-stable-6-cp3-unassisted,1,syn-expanded-stable-6,python.loops,loops-set-3-unassisted,loops-set-3,week-3,2026-09-21T10:00:00Z,unassisted,written,Synthetic attempt: I included the stop value when tracing the loop.,0.75,300,0,loops-rubric-v1,true,,system,0.8
syn-expanded-stable-6-cp4-assisted,1,syn-expanded-stable-6,python.loops,loops-set-4-assisted,loops-set-4,week-4,2026-09-28T10:00:00Z,assisted,written,Synthetic explanation: range excludes the stop value.,0.85,180,2,loops-rubric-v1,true,,system,0.87
syn-expanded-stable-6-cp4-unassisted,1,syn-expanded-stable-6,python.loops,loops-set-4-unassisted,loops-set-4,week-4,2026-09-28T10:00:00Z,unassisted,written,Synthetic attempt: I traced range as if both bounds were inclusive.,0.75,300,0,loops-rubric-v1,true,,system,0.8
syn-expanded-stable-6-cp5-assisted,1,syn-expanded-stable-6,python.loops,loops-set-5-assisted,loops-set-5,week-5,2026-10-05T10:00:00Z,assisted,written,Synthetic explanation: range excludes the stop value.,0.85,180,2,loops-rubric-v1,true,,system,0.87
syn-expanded-stable-6-cp5-unassisted,1,syn-expanded-stable-6,python.loops,loops-set-5-unassisted,loops-set-5,week-5,2026-10-05T10:00:00Z,unassisted,written,Synthetic attempt: I started the loop at 1 and stopped before n.,0.75,300,0,loops-rubric-v1,true,,system,0.8
syn-expanded-stable-7-cp1-assisted,1,syn-expanded-stable-7,python.loops,loops-set-1-assisted,loops-set-1,week-1,2026-09-07T10:00:00Z,assisted,written,Synthetic explanation: range excludes the stop value.,0.85,180,2,loops-rubric-v1,true,,system,0.87
syn-expanded-stable-7-cp1-unassisted,1,syn-expanded-stable-7,python.loops,loops-set-1-unassisted,loops-set-1,week-1,2026-09-07T10:00:00Z,unassisted,written,Synthetic attempt: I started the loop at 1 and stopped before n.,0.66,300,0,loops-rubric-v1,true,,system,0.71
syn-expanded-stable-7-cp2-assisted,1,syn-expanded-stable-7,python.loops,loops-set-2-assisted,loops-set-2,week-2,2026-09-14T10:00:00Z,assisted,written,Synthetic explanation: range excludes the stop value.,0.85,180,2,loops-rubric-v1,true,,system,0.87
syn-expanded-stable-7-cp2-unassisted,1,syn-expanded-stable-7,python.loops,loops-set-2-unassisted,loops-set-2,week-2,2026-09-14T10:00:00Z,unassisted,written,Synthetic attempt: I summed one extra element past the stop bound.,0.66,300,0,loops-rubric-v1,true,,system,0.71
syn-expanded-stable-7-cp3-assisted,1,syn-expanded-stable-7,python.loops,loops-set-3-assisted,loops-set-3,week-3,2026-09-21T10:00:00Z,assisted,written,Synthetic explanation: range excludes the stop value.,0.85,180,2,loops-rubric-v1,true,,system,0.87
syn-expanded-stable-7-cp3-unassisted,1,syn-expanded-stable-7,python.loops,loops-set-3-unassisted,loops-set-3,week-3,2026-09-21T10:00:00Z,unassisted,written,Synthetic attempt: I included the stop value when tracing the loop.,0.66,300,0,loops-rubric-v1,true,,system,0.71
syn-expanded-stable-7-cp4-assisted,1,syn-expanded-stable-7,python.loops,loops-set-4-assisted,loops-set-4,week-4,2026-09-28T10:00:00Z,assisted,written,Synthetic explanation: range excludes the stop value.,0.85,180,2,loops-rubric-v1,true,,system,0.87
syn-expanded-stable-7-cp4-unassisted,1,syn-expanded-stable-7,python.loops,loops-set-4-unassisted,loops-set-4,week-4,2026-09-28T10:00:00Z,unassisted,written,Synthetic attempt: I traced range as if both bounds were inclusive.,0.66,300,0,loops-rubric-v1,true,,system,0.71
syn-expanded-stable-7-cp5-assisted,1,syn-expanded-stable-7,python.loops,loops-set-5-assisted,loops-set-5,week-5,2026-10-05T10:00:00Z,assisted,written,Synthetic explanation: range excludes the stop value.,0.85,180,2,loops-rubric-v1,true,,system,0.87
syn-expanded-stable-7-cp5-unassisted,1,syn-expanded-stable-7,python.loops,loops-set-5-unassisted,loops-set-5,week-5,2026-10-05T10:00:00Z,unassisted,written,Synthetic attempt: I started the loop at 1 and stopped before n.,0.66,300,0,loops-rubric-v1,true,,system,0.71
syn-expanded-stable-8-cp1-assisted,1,syn-expanded-stable-8,python.loops,loops-set-1-assisted,loops-set-1,week-1,2026-09-07T10:00:00Z,assisted,written,Synthetic explanation: range excludes the stop value.,0.85,180,2,loops-rubric-v1,true,,system,0.87
syn-expanded-stable-8-cp1-unassisted,1,syn-expanded-stable-8,python.loops,loops-set-1-unassisted,loops-set-1,week-1,2026-09-07T10:00:00Z,unassisted,written,Synthetic attempt: I started the loop at 1 and stopped before n.,0.69,300,0,loops-rubric-v1,true,,system,0.74
syn-expanded-stable-8-cp2-assisted,1,syn-expanded-stable-8,python.loops,loops-set-2-assisted,loops-set-2,week-2,2026-09-14T10:00:00Z,assisted,written,Synthetic explanation: range excludes the stop value.,0.85,180,2,loops-rubric-v1,true,,system,0.87
syn-expanded-stable-8-cp2-unassisted,1,syn-expanded-stable-8,python.loops,loops-set-2-unassisted,loops-set-2,week-2,2026-09-14T10:00:00Z,unassisted,written,Synthetic attempt: I summed one extra element past the stop bound.,0.69,300,0,loops-rubric-v1,true,,system,0.74
syn-expanded-stable-8-cp3-assisted,1,syn-expanded-stable-8,python.loops,loops-set-3-assisted,loops-set-3,week-3,2026-09-21T10:00:00Z,assisted,written,Synthetic explanation: range excludes the stop value.,0.85,180,2,loops-rubric-v1,true,,system,0.87
syn-expanded-stable-8-cp3-unassisted,1,syn-expanded-stable-8,python.loops,loops-set-3-unassisted,loops-set-3,week-3,2026-09-21T10:00:00Z,unassisted,written,Synthetic attempt: I included the stop value when tracing the loop.,0.69,300,0,loops-rubric-v1,true,,system,0.74
syn-expanded-stable-8-cp4-assisted,1,syn-expanded-stable-8,python.loops,loops-set-4-assisted,loops-set-4,week-4,2026-09-28T10:00:00Z,assisted,written,Synthetic explanation: range excludes the stop value.,0.85,180,2,loops-rubric-v1,true,,system,0.87
syn-expanded-stable-8-cp4-unassisted,1,syn-expanded-stable-8,python.loops,loops-set-4-unassisted,loops-set-4,week-4,2026-09-28T10:00:00Z,unassisted,written,Synthetic attempt: I traced range as if both bounds were inclusive.,0.69,300,0,loops-rubric-v1,true,,system,0.74
syn-expanded-stable-8-cp5-assisted,1,syn-expanded-stable-8,python.loops,loops-set-5-assisted,loops-set-5,week-5,2026-10-05T10:00:00Z,assisted,written,Synthetic explanation: range excludes the stop value.,0.85,180,2,loops-rubric-v1,true,,system,0.87
syn-expanded-stable-8-cp5-unassisted,1,syn-expanded-stable-8,python.loops,loops-set-5-unassisted,loops-set-5,week-5,2026-10-05T10:00:00Z,unassisted,written,Synthetic attempt: I started the loop at 1 and stopped before n.,0.69,300,0,loops-rubric-v1,true,,system,0.74
syn-expanded-stable-9-cp1-assisted,1,syn-expanded-stable-9,python.loops,loops-set-1-assisted,loops-set-1,week-1,2026-09-07T10:00:00Z,assisted,written,Synthetic explanation: range excludes the stop value.,0.85,180,2,loops-rubric-v1,true,,system,0.87
syn-expanded-stable-9-cp1-unassisted,1,syn-expanded-stable-9,python.loops,loops-set-1-unassisted,loops-set-1,week-1,2026-09-07T10:00:00Z,unassisted,written,Synthetic attempt: I started the loop at 1 and stopped before n.,0.72,300,0,loops-rubric-v1,true,,system,0.77
syn-expanded-stable-9-cp2-assisted,1,syn-expanded-stable-9,python.loops,loops-set-2-assisted,loops-set-2,week-2,2026-09-14T10:00:00Z,assisted,written,Synthetic explanation: range excludes the stop value.,0.85,180,2,loops-rubric-v1,true,,system,0.87
syn-expanded-stable-9-cp2-unassisted,1,syn-expanded-stable-9,python.loops,loops-set-2-unassisted,loops-set-2,week-2,2026-09-14T10:00:00Z,unassisted,written,Synthetic attempt: I summed one extra element past the stop bound.,0.72,300,0,loops-rubric-v1,true,,system,0.77
syn-expanded-stable-9-cp3-assisted,1,syn-expanded-stable-9,python.loops,loops-set-3-assisted,loops-set-3,week-3,2026-09-21T10:00:00Z,assisted,written,Synthetic explanation: range excludes the stop value.,0.85,180,2,loops-rubric-v1,true,,system,0.87
syn-expanded-stable-9-cp3-unassisted,1,syn-expanded-stable-9,python.loops,loops-set-3-unassisted,loops-set-3,week-3,2026-09-21T10:00:00Z,unassisted,written,Synthetic attempt: I included the stop value when tracing the loop.,0.72,300,0,loops-rubric-v1,true,,system,0.77
syn-expanded-stable-9-cp4-assisted,1,syn-expanded-stable-9,python.loops,loops-set-4-assisted,loops-set-4,week-4,2026-09-28T10:00:00Z,assisted,written,Synthetic explanation: range excludes the stop value.,0.85,180,2,loops-rubric-v1,true,,system,0.87
syn-expanded-stable-9-cp4-unassisted,1,syn-expanded-stable-9,python.loops,loops-set-4-unassisted,loops-set-4,week-4,2026-09-28T10:00:00Z,unassisted,written,Synthetic attempt: I traced range as if both bounds were inclusive.,0.72,300,0,loops-rubric-v1,true,,system,0.77
syn-expanded-stable-9-cp5-assisted,1,syn-expanded-stable-9,python.loops,loops-set-5-assisted,loops-set-5,week-5,2026-10-05T10:00:00Z,assisted,written,Synthetic explanation: range excludes the stop value.,0.85,180,2,loops-rubric-v1,true,,system,0.87
syn-expanded-stable-9-cp5-unassisted,1,syn-expanded-stable-9,python.loops,loops-set-5-unassisted,loops-set-5,week-5,2026-10-05T10:00:00Z,unassisted,written,Synthetic attempt: I started the loop at 1 and stopped before n.,0.72,300,0,loops-rubric-v1,true,,system,0.77
syn-expanded-stable-10-cp1-assisted,1,syn-expanded-stable-10,python.loops,loops-set-1-assisted,loops-set-1,week-1,2026-09-07T10:00:00Z,assisted,written,Synthetic explanation: range excludes the stop value.,0.85,180,2,loops-rubric-v1,true,,system,0.87
syn-expanded-stable-10-cp1-unassisted,1,syn-expanded-stable-10,python.loops,loops-set-1-unassisted,loops-set-1,week-1,2026-09-07T10:00:00Z,unassisted,written,Synthetic attempt: I summed one extra element past the stop bound.,0.75,300,0,loops-rubric-v1,true,,system,0.8
syn-expanded-stable-10-cp2-assisted,1,syn-expanded-stable-10,python.loops,loops-set-2-assisted,loops-set-2,week-2,2026-09-14T10:00:00Z,assisted,written,Synthetic explanation: range excludes the stop value.,0.85,180,2,loops-rubric-v1,true,,system,0.87
syn-expanded-stable-10-cp2-unassisted,1,syn-expanded-stable-10,python.loops,loops-set-2-unassisted,loops-set-2,week-2,2026-09-14T10:00:00Z,unassisted,written,Synthetic attempt: I included the stop value when tracing the loop.,0.75,300,0,loops-rubric-v1,true,,system,0.8
syn-expanded-stable-10-cp3-assisted,1,syn-expanded-stable-10,python.loops,loops-set-3-assisted,loops-set-3,week-3,2026-09-21T10:00:00Z,assisted,written,Synthetic explanation: range excludes the stop value.,0.85,180,2,loops-rubric-v1,true,,system,0.87
syn-expanded-stable-10-cp3-unassisted,1,syn-expanded-stable-10,python.loops,loops-set-3-unassisted,loops-set-3,week-3,2026-09-21T10:00:00Z,unassisted,written,Synthetic attempt: I traced range as if both bounds were inclusive.,0.75,300,0,loops-rubric-v1,true,,system,0.8
syn-expanded-stable-10-cp4-assisted,1,syn-expanded-stable-10,python.loops,loops-set-4-assisted,loops-set-4,week-4,2026-09-28T10:00:00Z,assisted,written,Synthetic explanation: range excludes the stop value.,0.85,180,2,loops-rubric-v1,true,,system,0.87
syn-expanded-stable-10-cp4-unassisted,1,syn-expanded-stable-10,python.loops,loops-set-4-unassisted,loops-set-4,week-4,2026-09-28T10:00:00Z,unassisted,written,Synthetic attempt: I started the loop at 1 and stopped before n.,0.75,300,0,loops-rubric-v1,true,,system,0.8
syn-expanded-stable-10-cp5-assisted,1,syn-expanded-stable-10,python.loops,loops-set-5-assisted,loops-set-5,week-5,2026-10-05T10:00:00Z,assisted,written,Synthetic explanation: range excludes the stop value.,0.85,180,2,loops-rubric-v1,true,,system,0.87
syn-expanded-stable-10-cp5-unassisted,1,syn-expanded-stable-10,python.loops,loops-set-5-unassisted,loops-set-5,week-5,2026-10-05T10:00:00Z,unassisted,written,Synthetic attempt: I summed one extra element past the stop bound.,0.75,300,0,loops-rubric-v1,true,,system,0.8
syn-expanded-stable-11-cp1-assisted,1,syn-expanded-stable-11,python.loops,loops-set-1-assisted,loops-set-1,week-1,2026-09-07T10:00:00Z,assisted,written,Synthetic explanation: range excludes the stop value.,0.85,180,2,loops-rubric-v1,true,,system,0.87
syn-expanded-stable-11-cp1-unassisted,1,syn-expanded-stable-11,python.loops,loops-set-1-unassisted,loops-set-1,week-1,2026-09-07T10:00:00Z,unassisted,written,Synthetic attempt: I summed one extra element past the stop bound.,0.66,300,0,loops-rubric-v1,true,,system,0.71
syn-expanded-stable-11-cp2-assisted,1,syn-expanded-stable-11,python.loops,loops-set-2-assisted,loops-set-2,week-2,2026-09-14T10:00:00Z,assisted,written,Synthetic explanation: range excludes the stop value.,0.85,180,2,loops-rubric-v1,true,,system,0.87
syn-expanded-stable-11-cp2-unassisted,1,syn-expanded-stable-11,python.loops,loops-set-2-unassisted,loops-set-2,week-2,2026-09-14T10:00:00Z,unassisted,written,Synthetic attempt: I included the stop value when tracing the loop.,0.66,300,0,loops-rubric-v1,true,,system,0.71
syn-expanded-stable-11-cp3-assisted,1,syn-expanded-stable-11,python.loops,loops-set-3-assisted,loops-set-3,week-3,2026-09-21T10:00:00Z,assisted,written,Synthetic explanation: range excludes the stop value.,0.85,180,2,loops-rubric-v1,true,,system,0.87
syn-expanded-stable-11-cp3-unassisted,1,syn-expanded-stable-11,python.loops,loops-set-3-unassisted,loops-set-3,week-3,2026-09-21T10:00:00Z,unassisted,written,Synthetic attempt: I traced range as if both bounds were inclusive.,0.66,300,0,loops-rubric-v1,true,,system,0.71
syn-expanded-stable-11-cp4-assisted,1,syn-expanded-stable-11,python.loops,loops-set-4-assisted,loops-set-4,week-4,2026-09-28T10:00:00Z,assisted,written,Synthetic explanation: range excludes the stop value.,0.85,180,2,loops-rubric-v1,true,,system,0.87
syn-expanded-stable-11-cp4-unassisted,1,syn-expanded-stable-11,python.loops,loops-set-4-unassisted,loops-set-4,week-4,2026-09-28T10:00:00Z,unassisted,written,Synthetic attempt: I started the loop at 1 and stopped before n.,0.66,300,0,loops-rubric-v1,true,,system,0.71
syn-expanded-stable-11-cp5-assisted,1,syn-expanded-stable-11,python.loops,loops-set-5-assisted,loops-set-5,week-5,2026-10-05T10:00:00Z,assisted,written,Synthetic explanation: range excludes the stop value.,0.85,180,2,loops-rubric-v1,true,,system,0.87
syn-expanded-stable-11-cp5-unassisted,1,syn-expanded-stable-11,python.loops,loops-set-5-unassisted,loops-set-5,week-5,2026-10-05T10:00:00Z,unassisted,written,Synthetic attempt: I summed one extra element past the stop bound.,0.66,300,0,loops-rubric-v1,true,,system,0.71
syn-expanded-stable-12-cp1-assisted,1,syn-expanded-stable-12,python.loops,loops-set-1-assisted,loops-set-1,week-1,2026-09-07T10:00:00Z,assisted,written,Synthetic explanation: range excludes the stop value.,0.85,180,2,loops-rubric-v1,true,,system,0.87
syn-expanded-stable-12-cp1-unassisted,1,syn-expanded-stable-12,python.loops,loops-set-1-unassisted,loops-set-1,week-1,2026-09-07T10:00:00Z,unassisted,written,Synthetic attempt: I summed one extra element past the stop bound.,0.69,300,0,loops-rubric-v1,true,,system,0.74
syn-expanded-stable-12-cp2-assisted,1,syn-expanded-stable-12,python.loops,loops-set-2-assisted,loops-set-2,week-2,2026-09-14T10:00:00Z,assisted,written,Synthetic explanation: range excludes the stop value.,0.85,180,2,loops-rubric-v1,true,,system,0.87
syn-expanded-stable-12-cp2-unassisted,1,syn-expanded-stable-12,python.loops,loops-set-2-unassisted,loops-set-2,week-2,2026-09-14T10:00:00Z,unassisted,written,Synthetic attempt: I included the stop value when tracing the loop.,0.69,300,0,loops-rubric-v1,true,,system,0.74
syn-expanded-stable-12-cp3-assisted,1,syn-expanded-stable-12,python.loops,loops-set-3-assisted,loops-set-3,week-3,2026-09-21T10:00:00Z,assisted,written,Synthetic explanation: range excludes the stop value.,0.85,180,2,loops-rubric-v1,true,,system,0.87
syn-expanded-stable-12-cp3-unassisted,1,syn-expanded-stable-12,python.loops,loops-set-3-unassisted,loops-set-3,week-3,2026-09-21T10:00:00Z,unassisted,written,Synthetic attempt: I traced range as if both bounds were inclusive.,0.69,300,0,loops-rubric-v1,true,,system,0.74
syn-expanded-stable-12-cp4-assisted,1,syn-expanded-stable-12,python.loops,loops-set-4-assisted,loops-set-4,week-4,2026-09-28T10:00:00Z,assisted,written,Synthetic explanation: range excludes the stop value.,0.85,180,2,loops-rubric-v1,true,,system,0.87
syn-expanded-stable-12-cp4-unassisted,1,syn-expanded-stable-12,python.loops,loops-set-4-unassisted,loops-set-4,week-4,2026-09-28T10:00:00Z,unassisted,written,Synthetic attempt: I started the loop at 1 and stopped before n.,0.69,300,0,loops-rubric-v1,true,,system,0.74
syn-expanded-stable-12-cp5-assisted,1,syn-expanded-stable-12,python.loops,loops-set-5-assisted,loops-set-5,week-5,2026-10-05T10:00:00Z,assisted,written,Synthetic explanation: range excludes the stop value.,0.85,180,2,loops-rubric-v1,true,,system,0.87
syn-expanded-stable-12-cp5-unassisted,1,syn-expanded-stable-12,python.loops,loops-set-5-unassisted,loops-set-5,week-5,2026-10-05T10:00:00Z,unassisted,written,Synthetic attempt: I summed one extra element past the stop bound.,0.69,300,0,loops-rubric-v1,true,,system,0.74
syn-expanded-stable-13-cp1-assisted,1,syn-expanded-stable-13,python.loops,loops-set-1-assisted,loops-set-1,week-1,2026-09-07T10:00:00Z,assisted,written,Synthetic explanation: range excludes the stop value.,0.85,180,2,loops-rubric-v1,true,,system,0.87
syn-expanded-stable-13-cp1-unassisted,1,syn-expanded-stable-13,python.loops,loops-set-1-unassisted,loops-set-1,week-1,2026-09-07T10:00:00Z,unassisted,written,Synthetic attempt: I summed one extra element past the stop bound.,0.72,300,0,loops-rubric-v1,true,,system,0.77
syn-expanded-stable-13-cp2-assisted,1,syn-expanded-stable-13,python.loops,loops-set-2-assisted,loops-set-2,week-2,2026-09-14T10:00:00Z,assisted,written,Synthetic explanation: range excludes the stop value.,0.85,180,2,loops-rubric-v1,true,,system,0.87
syn-expanded-stable-13-cp2-unassisted,1,syn-expanded-stable-13,python.loops,loops-set-2-unassisted,loops-set-2,week-2,2026-09-14T10:00:00Z,unassisted,written,Synthetic attempt: I included the stop value when tracing the loop.,0.72,300,0,loops-rubric-v1,true,,system,0.77
syn-expanded-stable-13-cp3-assisted,1,syn-expanded-stable-13,python.loops,loops-set-3-assisted,loops-set-3,week-3,2026-09-21T10:00:00Z,assisted,written,Synthetic explanation: range excludes the stop value.,0.85,180,2,loops-rubric-v1,true,,system,0.87
syn-expanded-stable-13-cp3-unassisted,1,syn-expanded-stable-13,python.loops,loops-set-3-unassisted,loops-set-3,week-3,2026-09-21T10:00:00Z,unassisted,written,Synthetic attempt: I traced range as if both bounds were inclusive.,0.72,300,0,loops-rubric-v1,true,,system,0.77
syn-expanded-stable-13-cp4-assisted,1,syn-expanded-stable-13,python.loops,loops-set-4-assisted,loops-set-4,week-4,2026-09-28T10:00:00Z,assisted,written,Synthetic explanation: range excludes the stop value.,0.85,180,2,loops-rubric-v1,true,,system,0.87
syn-expanded-stable-13-cp4-unassisted,1,syn-expanded-stable-13,python.loops,loops-set-4-unassisted,loops-set-4,week-4,2026-09-28T10:00:00Z,unassisted,written,Synthetic attempt: I started the loop at 1 and stopped before n.,0.72,300,0,loops-rubric-v1,true,,system,0.77
syn-expanded-stable-13-cp5-assisted,1,syn-expanded-stable-13,python.loops,loops-set-5-assisted,loops-set-5,week-5,2026-10-05T10:00:00Z,assisted,written,Synthetic explanation: range excludes the stop value.,0.85,180,2,loops-rubric-v1,true,,system,0.87
syn-expanded-stable-13-cp5-unassisted,1,syn-expanded-stable-13,python.loops,loops-set-5-unassisted,loops-set-5,week-5,2026-10-05T10:00:00Z,unassisted,written,Synthetic attempt: I summed one extra element past the stop bound.,0.72,300,0,loops-rubric-v1,true,,system,0.77
syn-expanded-stable-14-cp1-assisted,1,syn-expanded-stable-14,python.loops,loops-set-1-assisted,loops-set-1,week-1,2026-09-07T10:00:00Z,assisted,written,Synthetic explanation: range excludes the stop value.,0.85,180,2,loops-rubric-v1,true,,system,0.87
syn-expanded-stable-14-cp1-unassisted,1,syn-expanded-stable-14,python.loops,loops-set-1-unassisted,loops-set-1,week-1,2026-09-07T10:00:00Z,unassisted,written,Synthetic attempt: I summed one extra element past the stop bound.,0.75,300,0,loops-rubric-v1,true,,system,0.8
syn-expanded-stable-14-cp2-assisted,1,syn-expanded-stable-14,python.loops,loops-set-2-assisted,loops-set-2,week-2,2026-09-14T10:00:00Z,assisted,written,Synthetic explanation: range excludes the stop value.,0.85,180,2,loops-rubric-v1,true,,system,0.87
syn-expanded-stable-14-cp2-unassisted,1,syn-expanded-stable-14,python.loops,loops-set-2-unassisted,loops-set-2,week-2,2026-09-14T10:00:00Z,unassisted,written,Synthetic attempt: I included the stop value when tracing the loop.,0.75,300,0,loops-rubric-v1,true,,system,0.8
syn-expanded-stable-14-cp3-assisted,1,syn-expanded-stable-14,python.loops,loops-set-3-assisted,loops-set-3,week-3,2026-09-21T10:00:00Z,assisted,written,Synthetic explanation: range excludes the stop value.,0.85,180,2,loops-rubric-v1,true,,system,0.87
syn-expanded-stable-14-cp3-unassisted,1,syn-expanded-stable-14,python.loops,loops-set-3-unassisted,loops-set-3,week-3,2026-09-21T10:00:00Z,unassisted,written,Synthetic attempt: I traced range as if both bounds were inclusive.,0.75,300,0,loops-rubric-v1,true,,system,0.8
syn-expanded-stable-14-cp4-assisted,1,syn-expanded-stable-14,python.loops,loops-set-4-assisted,loops-set-4,week-4,2026-09-28T10:00:00Z,assisted,written,Synthetic explanation: range excludes the stop value.,0.85,180,2,loops-rubric-v1,true,,system,0.87
syn-expanded-stable-14-cp4-unassisted,1,syn-expanded-stable-14,python.loops,loops-set-4-unassisted,loops-set-4,week-4,2026-09-28T10:00:00Z,unassisted,written,Synthetic attempt: I started the loop at 1 and stopped before n.,0.75,300,0,loops-rubric-v1,true,,system,0.8
syn-expanded-stable-14-cp5-assisted,1,syn-expanded-stable-14,python.loops,loops-set-5-assisted,loops-set-5,week-5,2026-10-05T10:00:00Z,assisted,written,Synthetic explanation: range excludes the stop value.,0.85,180,2,loops-rubric-v1,true,,system,0.87
syn-expanded-stable-14-cp5-unassisted,1,syn-expanded-stable-14,python.loops,loops-set-5-unassisted,loops-set-5,week-5,2026-10-05T10:00:00Z,unassisted,written,Synthetic attempt: I summed one extra element past the stop bound.,0.75,300,0,loops-rubric-v1,true,,system,0.8
syn-expanded-stable-15-cp1-assisted,1,syn-expanded-stable-15,python.loops,loops-set-1-assisted,loops-set-1,week-1,2026-09-07T10:00:00Z,assisted,written,Synthetic explanation: range excludes the stop value.,0.85,180,2,loops-rubric-v1,true,,system,0.87
syn-expanded-stable-15-cp1-unassisted,1,syn-expanded-stable-15,python.loops,loops-set-1-unassisted,loops-set-1,week-1,2026-09-07T10:00:00Z,unassisted,written,Synthetic attempt: I summed one extra element past the stop bound.,0.66,300,0,loops-rubric-v1,true,,system,0.71
syn-expanded-stable-15-cp2-assisted,1,syn-expanded-stable-15,python.loops,loops-set-2-assisted,loops-set-2,week-2,2026-09-14T10:00:00Z,assisted,written,Synthetic explanation: range excludes the stop value.,0.85,180,2,loops-rubric-v1,true,,system,0.87
syn-expanded-stable-15-cp2-unassisted,1,syn-expanded-stable-15,python.loops,loops-set-2-unassisted,loops-set-2,week-2,2026-09-14T10:00:00Z,unassisted,written,Synthetic attempt: I included the stop value when tracing the loop.,0.66,300,0,loops-rubric-v1,true,,system,0.71
syn-expanded-stable-15-cp3-assisted,1,syn-expanded-stable-15,python.loops,loops-set-3-assisted,loops-set-3,week-3,2026-09-21T10:00:00Z,assisted,written,Synthetic explanation: range excludes the stop value.,0.85,180,2,loops-rubric-v1,true,,system,0.87
syn-expanded-stable-15-cp3-unassisted,1,syn-expanded-stable-15,python.loops,loops-set-3-unassisted,loops-set-3,week-3,2026-09-21T10:00:00Z,unassisted,written,Synthetic attempt: I traced range as if both bounds were inclusive.,0.66,300,0,loops-rubric-v1,true,,system,0.71
syn-expanded-stable-15-cp4-assisted,1,syn-expanded-stable-15,python.loops,loops-set-4-assisted,loops-set-4,week-4,2026-09-28T10:00:00Z,assisted,written,Synthetic explanation: range excludes the stop value.,0.85,180,2,loops-rubric-v1,true,,system,0.87
syn-expanded-stable-15-cp4-unassisted,1,syn-expanded-stable-15,python.loops,loops-set-4-unassisted,loops-set-4,week-4,2026-09-28T10:00:00Z,unassisted,written,Synthetic attempt: I started the loop at 1 and stopped before n.,0.66,300,0,loops-rubric-v1,true,,system,0.71
syn-expanded-stable-15-cp5-assisted,1,syn-expanded-stable-15,python.loops,loops-set-5-assisted,loops-set-5,week-5,2026-10-05T10:00:00Z,assisted,written,Synthetic explanation: range excludes the stop value.,0.85,180,2,loops-rubric-v1,true,,system,0.87
syn-expanded-stable-15-cp5-unassisted,1,syn-expanded-stable-15,python.loops,loops-set-5-unassisted,loops-set-5,week-5,2026-10-05T10:00:00Z,unassisted,written,Synthetic attempt: I summed one extra element past the stop bound.,0.66,300,0,loops-rubric-v1,true,,system,0.71
syn-expanded-stable-16-cp1-assisted,1,syn-expanded-stable-16,python.loops,loops-set-1-assisted,loops-set-1,week-1,2026-09-07T10:00:00Z,assisted,written,Synthetic explanation: range excludes the stop value.,0.85,180,2,loops-rubric-v1,true,,system,0.87
syn-expanded-stable-16-cp1-unassisted,1,syn-expanded-stable-16,python.loops,loops-set-1-unassisted,loops-set-1,week-1,2026-09-07T10:00:00Z,unassisted,written,Synthetic attempt: I summed one extra element past the stop bound.,0.69,300,0,loops-rubric-v1,true,,system,0.74
syn-expanded-stable-16-cp2-assisted,1,syn-expanded-stable-16,python.loops,loops-set-2-assisted,loops-set-2,week-2,2026-09-14T10:00:00Z,assisted,written,Synthetic explanation: range excludes the stop value.,0.85,180,2,loops-rubric-v1,true,,system,0.87
syn-expanded-stable-16-cp2-unassisted,1,syn-expanded-stable-16,python.loops,loops-set-2-unassisted,loops-set-2,week-2,2026-09-14T10:00:00Z,unassisted,written,Synthetic attempt: I included the stop value when tracing the loop.,0.69,300,0,loops-rubric-v1,true,,system,0.74
syn-expanded-stable-16-cp3-assisted,1,syn-expanded-stable-16,python.loops,loops-set-3-assisted,loops-set-3,week-3,2026-09-21T10:00:00Z,assisted,written,Synthetic explanation: range excludes the stop value.,0.85,180,2,loops-rubric-v1,true,,system,0.87
syn-expanded-stable-16-cp3-unassisted,1,syn-expanded-stable-16,python.loops,loops-set-3-unassisted,loops-set-3,week-3,2026-09-21T10:00:00Z,unassisted,written,Synthetic attempt: I traced range as if both bounds were inclusive.,0.69,300,0,loops-rubric-v1,true,,system,0.74
syn-expanded-stable-16-cp4-assisted,1,syn-expanded-stable-16,python.loops,loops-set-4-assisted,loops-set-4,week-4,2026-09-28T10:00:00Z,assisted,written,Synthetic explanation: range excludes the stop value.,0.85,180,2,loops-rubric-v1,true,,system,0.87
syn-expanded-stable-16-cp4-unassisted,1,syn-expanded-stable-16,python.loops,loops-set-4-unassisted,loops-set-4,week-4,2026-09-28T10:00:00Z,unassisted,written,Synthetic attempt: I started the loop at 1 and stopped before n.,0.69,300,0,loops-rubric-v1,true,,system,0.74
syn-expanded-stable-16-cp5-assisted,1,syn-expanded-stable-16,python.loops,loops-set-5-assisted,loops-set-5,week-5,2026-10-05T10:00:00Z,assisted,written,Synthetic explanation: range excludes the stop value.,0.85,180,2,loops-rubric-v1,true,,system,0.87
syn-expanded-stable-16-cp5-unassisted,1,syn-expanded-stable-16,python.loops,loops-set-5-unassisted,loops-set-5,week-5,2026-10-05T10:00:00Z,unassisted,written,Synthetic attempt: I summed one extra element past the stop bound.,0.69,300,0,loops-rubric-v1,true,,system,0.74
syn-expanded-stable-17-cp1-assisted,1,syn-expanded-stable-17,python.loops,loops-set-1-assisted,loops-set-1,week-1,2026-09-07T10:00:00Z,assisted,written,Synthetic explanation: range excludes the stop value.,0.85,180,2,loops-rubric-v1,true,,system,0.87
syn-expanded-stable-17-cp1-unassisted,1,syn-expanded-stable-17,python.loops,loops-set-1-unassisted,loops-set-1,week-1,2026-09-07T10:00:00Z,unassisted,written,Synthetic attempt: I summed one extra element past the stop bound.,0.72,300,0,loops-rubric-v1,true,,system,0.77
syn-expanded-stable-17-cp2-assisted,1,syn-expanded-stable-17,python.loops,loops-set-2-assisted,loops-set-2,week-2,2026-09-14T10:00:00Z,assisted,written,Synthetic explanation: range excludes the stop value.,0.85,180,2,loops-rubric-v1,true,,system,0.87
syn-expanded-stable-17-cp2-unassisted,1,syn-expanded-stable-17,python.loops,loops-set-2-unassisted,loops-set-2,week-2,2026-09-14T10:00:00Z,unassisted,written,Synthetic attempt: I included the stop value when tracing the loop.,0.72,300,0,loops-rubric-v1,true,,system,0.77
syn-expanded-stable-17-cp3-assisted,1,syn-expanded-stable-17,python.loops,loops-set-3-assisted,loops-set-3,week-3,2026-09-21T10:00:00Z,assisted,written,Synthetic explanation: range excludes the stop value.,0.85,180,2,loops-rubric-v1,true,,system,0.87
syn-expanded-stable-17-cp3-unassisted,1,syn-expanded-stable-17,python.loops,loops-set-3-unassisted,loops-set-3,week-3,2026-09-21T10:00:00Z,unassisted,written,Synthetic attempt: I traced range as if both bounds were inclusive.,0.72,300,0,loops-rubric-v1,true,,system,0.77
syn-expanded-stable-17-cp4-assisted,1,syn-expanded-stable-17,python.loops,loops-set-4-assisted,loops-set-4,week-4,2026-09-28T10:00:00Z,assisted,written,Synthetic explanation: range excludes the stop value.,0.85,180,2,loops-rubric-v1,true,,system,0.87
syn-expanded-stable-17-cp4-unassisted,1,syn-expanded-stable-17,python.loops,loops-set-4-unassisted,loops-set-4,week-4,2026-09-28T10:00:00Z,unassisted,written,Synthetic attempt: I started the loop at 1 and stopped before n.,0.72,300,0,loops-rubric-v1,true,,system,0.77
syn-expanded-stable-17-cp5-assisted,1,syn-expanded-stable-17,python.loops,loops-set-5-assisted,loops-set-5,week-5,2026-10-05T10:00:00Z,assisted,written,Synthetic explanation: range excludes the stop value.,0.85,180,2,loops-rubric-v1,true,,system,0.87
syn-expanded-stable-17-cp5-unassisted,1,syn-expanded-stable-17,python.loops,loops-set-5-unassisted,loops-set-5,week-5,2026-10-05T10:00:00Z,unassisted,written,Synthetic attempt: I summed one extra element past the stop bound.,0.72,300,0,loops-rubric-v1,true,,system,0.77
syn-expanded-stable-18-cp1-assisted,1,syn-expanded-stable-18,python.loops,loops-set-1-assisted,loops-set-1,week-1,2026-09-07T10:00:00Z,assisted,written,Synthetic explanation: range excludes the stop value.,0.85,180,2,loops-rubric-v1,true,,system,0.87
syn-expanded-stable-18-cp1-unassisted,1,syn-expanded-stable-18,python.loops,loops-set-1-unassisted,loops-set-1,week-1,2026-09-07T10:00:00Z,unassisted,written,Synthetic attempt: I summed one extra element past the stop bound.,0.75,300,0,loops-rubric-v1,true,,system,0.8
syn-expanded-stable-18-cp2-assisted,1,syn-expanded-stable-18,python.loops,loops-set-2-assisted,loops-set-2,week-2,2026-09-14T10:00:00Z,assisted,written,Synthetic explanation: range excludes the stop value.,0.85,180,2,loops-rubric-v1,true,,system,0.87
syn-expanded-stable-18-cp2-unassisted,1,syn-expanded-stable-18,python.loops,loops-set-2-unassisted,loops-set-2,week-2,2026-09-14T10:00:00Z,unassisted,written,Synthetic attempt: I included the stop value when tracing the loop.,0.75,300,0,loops-rubric-v1,true,,system,0.8
syn-expanded-stable-18-cp3-assisted,1,syn-expanded-stable-18,python.loops,loops-set-3-assisted,loops-set-3,week-3,2026-09-21T10:00:00Z,assisted,written,Synthetic explanation: range excludes the stop value.,0.85,180,2,loops-rubric-v1,true,,system,0.87
syn-expanded-stable-18-cp3-unassisted,1,syn-expanded-stable-18,python.loops,loops-set-3-unassisted,loops-set-3,week-3,2026-09-21T10:00:00Z,unassisted,written,Synthetic attempt: I traced range as if both bounds were inclusive.,0.75,300,0,loops-rubric-v1,true,,system,0.8
syn-expanded-stable-18-cp4-assisted,1,syn-expanded-stable-18,python.loops,loops-set-4-assisted,loops-set-4,week-4,2026-09-28T10:00:00Z,assisted,written,Synthetic explanation: range excludes the stop value.,0.85,180,2,loops-rubric-v1,true,,system,0.87
syn-expanded-stable-18-cp4-unassisted,1,syn-expanded-stable-18,python.loops,loops-set-4-unassisted,loops-set-4,week-4,2026-09-28T10:00:00Z,unassisted,written,Synthetic attempt: I started the loop at 1 and stopped before n.,0.75,300,0,loops-rubric-v1,true,,system,0.8
syn-expanded-stable-18-cp5-assisted,1,syn-expanded-stable-18,python.loops,loops-set-5-assisted,loops-set-5,week-5,2026-10-05T10:00:00Z,assisted,written,Synthetic explanation: range excludes the stop value.,0.85,180,2,loops-rubric-v1,true,,system,0.87
syn-expanded-stable-18-cp5-unassisted,1,syn-expanded-stable-18,python.loops,loops-set-5-unassisted,loops-set-5,week-5,2026-10-05T10:00:00Z,unassisted,written,Synthetic attempt: I summed one extra element past the stop bound.,0.75,300,0,loops-rubric-v1,true,,system,0.8
syn-expanded-stable-19-cp1-assisted,1,syn-expanded-stable-19,python.loops,loops-set-1-assisted,loops-set-1,week-1,2026-09-07T10:00:00Z,assisted,written,Synthetic explanation: range excludes the stop value.,0.85,180,2,loops-rubric-v1,true,,system,0.87
syn-expanded-stable-19-cp1-unassisted,1,syn-expanded-stable-19,python.loops,loops-set-1-unassisted,loops-set-1,week-1,2026-09-07T10:00:00Z,unassisted,written,Synthetic attempt: I summed one extra element past the stop bound.,0.66,300,0,loops-rubric-v1,true,,system,0.71
syn-expanded-stable-19-cp2-assisted,1,syn-expanded-stable-19,python.loops,loops-set-2-assisted,loops-set-2,week-2,2026-09-14T10:00:00Z,assisted,written,Synthetic explanation: range excludes the stop value.,0.85,180,2,loops-rubric-v1,true,,system,0.87
syn-expanded-stable-19-cp2-unassisted,1,syn-expanded-stable-19,python.loops,loops-set-2-unassisted,loops-set-2,week-2,2026-09-14T10:00:00Z,unassisted,written,Synthetic attempt: I included the stop value when tracing the loop.,0.66,300,0,loops-rubric-v1,true,,system,0.71
syn-expanded-stable-19-cp3-assisted,1,syn-expanded-stable-19,python.loops,loops-set-3-assisted,loops-set-3,week-3,2026-09-21T10:00:00Z,assisted,written,Synthetic explanation: range excludes the stop value.,0.85,180,2,loops-rubric-v1,true,,system,0.87
syn-expanded-stable-19-cp3-unassisted,1,syn-expanded-stable-19,python.loops,loops-set-3-unassisted,loops-set-3,week-3,2026-09-21T10:00:00Z,unassisted,written,Synthetic attempt: I traced range as if both bounds were inclusive.,0.66,300,0,loops-rubric-v1,true,,system,0.71
syn-expanded-stable-19-cp4-assisted,1,syn-expanded-stable-19,python.loops,loops-set-4-assisted,loops-set-4,week-4,2026-09-28T10:00:00Z,assisted,written,Synthetic explanation: range excludes the stop value.,0.85,180,2,loops-rubric-v1,true,,system,0.87
syn-expanded-stable-19-cp4-unassisted,1,syn-expanded-stable-19,python.loops,loops-set-4-unassisted,loops-set-4,week-4,2026-09-28T10:00:00Z,unassisted,written,Synthetic attempt: I started the loop at 1 and stopped before n.,0.66,300,0,loops-rubric-v1,true,,system,0.71
syn-expanded-stable-19-cp5-assisted,1,syn-expanded-stable-19,python.loops,loops-set-5-assisted,loops-set-5,week-5,2026-10-05T10:00:00Z,assisted,written,Synthetic explanation: range excludes the stop value.,0.85,180,2,loops-rubric-v1,true,,system,0.87
syn-expanded-stable-19-cp5-unassisted,1,syn-expanded-stable-19,python.loops,loops-set-5-unassisted,loops-set-5,week-5,2026-10-05T10:00:00Z,unassisted,written,Synthetic attempt: I summed one extra element past the stop bound.,0.66,300,0,loops-rubric-v1,true,,system,0.71
syn-expanded-stable-20-cp1-assisted,1,syn-expanded-stable-20,python.loops,loops-set-1-assisted,loops-set-1,week-1,2026-09-07T10:00:00Z,assisted,written,Synthetic explanation: range excludes the stop value.,0.85,180,2,loops-rubric-v1,true,,system,0.87
syn-expanded-stable-20-cp1-unassisted,1,syn-expanded-stable-20,python.loops,loops-set-1-unassisted,loops-set-1,week-1,2026-09-07T10:00:00Z,unassisted,written,Synthetic attempt: I summed one extra element past the stop bound.,0.69,300,0,loops-rubric-v1,true,,system,0.74
syn-expanded-stable-20-cp2-assisted,1,syn-expanded-stable-20,python.loops,loops-set-2-assisted,loops-set-2,week-2,2026-09-14T10:00:00Z,assisted,written,Synthetic explanation: range excludes the stop value.,0.85,180,2,loops-rubric-v1,true,,system,0.87
syn-expanded-stable-20-cp2-unassisted,1,syn-expanded-stable-20,python.loops,loops-set-2-unassisted,loops-set-2,week-2,2026-09-14T10:00:00Z,unassisted,written,Synthetic attempt: I included the stop value when tracing the loop.,0.69,300,0,loops-rubric-v1,true,,system,0.74
syn-expanded-stable-20-cp3-assisted,1,syn-expanded-stable-20,python.loops,loops-set-3-assisted,loops-set-3,week-3,2026-09-21T10:00:00Z,assisted,written,Synthetic explanation: range excludes the stop value.,0.85,180,2,loops-rubric-v1,true,,system,0.87
syn-expanded-stable-20-cp3-unassisted,1,syn-expanded-stable-20,python.loops,loops-set-3-unassisted,loops-set-3,week-3,2026-09-21T10:00:00Z,unassisted,written,Synthetic attempt: I traced range as if both bounds were inclusive.,0.69,300,0,loops-rubric-v1,true,,system,0.74
syn-expanded-stable-20-cp4-assisted,1,syn-expanded-stable-20,python.loops,loops-set-4-assisted,loops-set-4,week-4,2026-09-28T10:00:00Z,assisted,written,Synthetic explanation: range excludes the stop value.,0.85,180,2,loops-rubric-v1,true,,system,0.87
syn-expanded-stable-20-cp4-unassisted,1,syn-expanded-stable-20,python.loops,loops-set-4-unassisted,loops-set-4,week-4,2026-09-28T10:00:00Z,unassisted,written,Synthetic attempt: I started the loop at 1 and stopped before n.,0.69,300,0,loops-rubric-v1,true,,system,0.74
syn-expanded-stable-20-cp5-assisted,1,syn-expanded-stable-20,python.loops,loops-set-5-assisted,loops-set-5,week-5,2026-10-05T10:00:00Z,assisted,written,Synthetic explanation: range excludes the stop value.,0.85,180,2,loops-rubric-v1,true,,system,0.87
syn-expanded-stable-20-cp5-unassisted,1,syn-expanded-stable-20,python.loops,loops-set-5-unassisted,loops-set-5,week-5,2026-10-05T10:00:00Z,unassisted,written,Synthetic attempt: I summed one extra element past the stop bound.,0.69,300,0,loops-rubric-v1,true,,system,0.74
syn-expanded-stable-21-cp1-assisted,1,syn-expanded-stable-21,python.loops,loops-set-1-assisted,loops-set-1,week-1,2026-09-07T10:00:00Z,assisted,written,Synthetic explanation: range excludes the stop value.,0.85,180,2,loops-rubric-v1,true,,system,0.87
syn-expanded-stable-21-cp1-unassisted,1,syn-expanded-stable-21,python.loops,loops-set-1-unassisted,loops-set-1,week-1,2026-09-07T10:00:00Z,unassisted,written,Synthetic attempt: I summed one extra element past the stop bound.,0.72,300,0,loops-rubric-v1,true,,system,0.77
syn-expanded-stable-21-cp2-assisted,1,syn-expanded-stable-21,python.loops,loops-set-2-assisted,loops-set-2,week-2,2026-09-14T10:00:00Z,assisted,written,Synthetic explanation: range excludes the stop value.,0.85,180,2,loops-rubric-v1,true,,system,0.87
syn-expanded-stable-21-cp2-unassisted,1,syn-expanded-stable-21,python.loops,loops-set-2-unassisted,loops-set-2,week-2,2026-09-14T10:00:00Z,unassisted,written,Synthetic attempt: I included the stop value when tracing the loop.,0.72,300,0,loops-rubric-v1,true,,system,0.77
syn-expanded-stable-21-cp3-assisted,1,syn-expanded-stable-21,python.loops,loops-set-3-assisted,loops-set-3,week-3,2026-09-21T10:00:00Z,assisted,written,Synthetic explanation: range excludes the stop value.,0.85,180,2,loops-rubric-v1,true,,system,0.87
syn-expanded-stable-21-cp3-unassisted,1,syn-expanded-stable-21,python.loops,loops-set-3-unassisted,loops-set-3,week-3,2026-09-21T10:00:00Z,unassisted,written,Synthetic attempt: I traced range as if both bounds were inclusive.,0.72,300,0,loops-rubric-v1,true,,system,0.77
syn-expanded-stable-21-cp4-assisted,1,syn-expanded-stable-21,python.loops,loops-set-4-assisted,loops-set-4,week-4,2026-09-28T10:00:00Z,assisted,written,Synthetic explanation: range excludes the stop value.,0.85,180,2,loops-rubric-v1,true,,system,0.87
syn-expanded-stable-21-cp4-unassisted,1,syn-expanded-stable-21,python.loops,loops-set-4-unassisted,loops-set-4,week-4,2026-09-28T10:00:00Z,unassisted,written,Synthetic attempt: I started the loop at 1 and stopped before n.,0.72,300,0,loops-rubric-v1,true,,system,0.77
syn-expanded-stable-21-cp5-assisted,1,syn-expanded-stable-21,python.loops,loops-set-5-assisted,loops-set-5,week-5,2026-10-05T10:00:00Z,assisted,written,Synthetic explanation: range excludes the stop value.,0.85,180,2,loops-rubric-v1,true,,system,0.87
syn-expanded-stable-21-cp5-unassisted,1,syn-expanded-stable-21,python.loops,loops-set-5-unassisted,loops-set-5,week-5,2026-10-05T10:00:00Z,unassisted,written,Synthetic attempt: I summed one extra element past the stop bound.,0.72,300,0,loops-rubric-v1,true,,system,0.77
syn-expanded-stable-22-cp1-assisted,1,syn-expanded-stable-22,python.loops,loops-set-1-assisted,loops-set-1,week-1,2026-09-07T10:00:00Z,assisted,written,Synthetic explanation: range excludes the stop value.,0.85,180,2,loops-rubric-v1,true,,system,0.87
syn-expanded-stable-22-cp1-unassisted,1,syn-expanded-stable-22,python.loops,loops-set-1-unassisted,loops-set-1,week-1,2026-09-07T10:00:00Z,unassisted,written,Synthetic attempt: I summed one extra element past the stop bound.,0.75,300,0,loops-rubric-v1,true,,system,0.8
syn-expanded-stable-22-cp2-assisted,1,syn-expanded-stable-22,python.loops,loops-set-2-assisted,loops-set-2,week-2,2026-09-14T10:00:00Z,assisted,written,Synthetic explanation: range excludes the stop value.,0.85,180,2,loops-rubric-v1,true,,system,0.87
syn-expanded-stable-22-cp2-unassisted,1,syn-expanded-stable-22,python.loops,loops-set-2-unassisted,loops-set-2,week-2,2026-09-14T10:00:00Z,unassisted,written,Synthetic attempt: I included the stop value when tracing the loop.,0.75,300,0,loops-rubric-v1,true,,system,0.8
syn-expanded-stable-22-cp3-assisted,1,syn-expanded-stable-22,python.loops,loops-set-3-assisted,loops-set-3,week-3,2026-09-21T10:00:00Z,assisted,written,Synthetic explanation: range excludes the stop value.,0.85,180,2,loops-rubric-v1,true,,system,0.87
syn-expanded-stable-22-cp3-unassisted,1,syn-expanded-stable-22,python.loops,loops-set-3-unassisted,loops-set-3,week-3,2026-09-21T10:00:00Z,unassisted,written,Synthetic attempt: I traced range as if both bounds were inclusive.,0.75,300,0,loops-rubric-v1,true,,system,0.8
syn-expanded-stable-22-cp4-assisted,1,syn-expanded-stable-22,python.loops,loops-set-4-assisted,loops-set-4,week-4,2026-09-28T10:00:00Z,assisted,written,Synthetic explanation: range excludes the stop value.,0.85,180,2,loops-rubric-v1,true,,system,0.87
syn-expanded-stable-22-cp4-unassisted,1,syn-expanded-stable-22,python.loops,loops-set-4-unassisted,loops-set-4,week-4,2026-09-28T10:00:00Z,unassisted,written,Synthetic attempt: I started the loop at 1 and stopped before n.,0.75,300,0,loops-rubric-v1,true,,system,0.8
syn-expanded-stable-22-cp5-assisted,1,syn-expanded-stable-22,python.loops,loops-set-5-assisted,loops-set-5,week-5,2026-10-05T10:00:00Z,assisted,written,Synthetic explanation: range excludes the stop value.,0.85,180,2,loops-rubric-v1,true,,system,0.87
syn-expanded-stable-22-cp5-unassisted,1,syn-expanded-stable-22,python.loops,loops-set-5-unassisted,loops-set-5,week-5,2026-10-05T10:00:00Z,unassisted,written,Synthetic attempt: I summed one extra element past the stop bound.,0.75,300,0,loops-rubric-v1,true,,system,0.8
syn-expanded-contradictory-1-cp1-assisted,1,syn-expanded-contradictory-1,python.loops,loops-set-1-assisted,loops-set-1,week-1,2026-09-07T10:00:00Z,assisted,written,Synthetic explanation: range excludes the stop value.,0.85,180,2,loops-rubric-v1,true,,system,0.87
syn-expanded-contradictory-1-cp1-unassisted,1,syn-expanded-contradictory-1,python.loops,loops-set-1-unassisted,loops-set-1,week-1,2026-09-07T10:00:00Z,unassisted,written,Synthetic attempt: I traced range as if both bounds were inclusive.,0.7,300,0,loops-rubric-v1,true,,system,0.75
syn-expanded-contradictory-1-cp2-assisted,1,syn-expanded-contradictory-1,python.loops,loops-set-2-assisted,loops-set-2,week-2,2026-09-14T10:00:00Z,assisted,written,Synthetic explanation: range excludes the stop value.,0.85,180,2,loops-rubric-v1,true,,system,0.87
syn-expanded-contradictory-1-cp2-unassisted,1,syn-expanded-contradictory-1,python.loops,loops-set-2-unassisted,loops-set-2,week-2,2026-09-14T10:00:00Z,unassisted,written,Synthetic attempt: I started the loop at 1 and stopped before n.,0.55,300,0,loops-rubric-v1,true,,system,0.6
syn-expanded-contradictory-1-cp3-assisted,1,syn-expanded-contradictory-1,python.loops,loops-set-3-assisted,loops-set-3,week-3,2026-09-21T10:00:00Z,assisted,written,Synthetic explanation: range excludes the stop value.,0.85,180,2,loops-rubric-v1,true,,system,0.87
syn-expanded-contradictory-1-cp3-unassisted,1,syn-expanded-contradictory-1,python.loops,loops-set-3-unassisted,loops-set-3,week-3,2026-09-21T10:00:00Z,unassisted,written,Synthetic attempt: I summed one extra element past the stop bound.,0.72,300,0,loops-rubric-v1,true,,system,0.77
syn-expanded-contradictory-1-cp4-assisted,1,syn-expanded-contradictory-1,python.loops,loops-set-4-assisted,loops-set-4,week-4,2026-09-28T10:00:00Z,assisted,written,Synthetic explanation: range excludes the stop value.,0.85,180,2,loops-rubric-v1,true,,system,0.87
syn-expanded-contradictory-1-cp4-unassisted,1,syn-expanded-contradictory-1,python.loops,loops-set-4-unassisted,loops-set-4,week-4,2026-09-28T10:00:00Z,unassisted,written,Synthetic attempt: I included the stop value when tracing the loop.,0.5,300,0,loops-rubric-v1,true,,system,0.55
syn-expanded-contradictory-1-cp5-assisted,1,syn-expanded-contradictory-1,python.loops,loops-set-5-assisted,loops-set-5,week-5,2026-10-05T10:00:00Z,assisted,written,Synthetic explanation: range excludes the stop value.,0.85,180,2,loops-rubric-v1,true,,system,0.87
syn-expanded-contradictory-1-cp5-unassisted,1,syn-expanded-contradictory-1,python.loops,loops-set-5-unassisted,loops-set-5,week-5,2026-10-05T10:00:00Z,unassisted,written,Synthetic attempt: I traced range as if both bounds were inclusive.,0.68,300,0,loops-rubric-v1,true,,system,0.73
syn-expanded-contradictory-1-cp6-assisted,1,syn-expanded-contradictory-1,python.loops,loops-set-6-assisted,loops-set-6,week-6,2026-10-12T10:00:00Z,assisted,written,Synthetic explanation: range excludes the stop value.,0.85,180,2,loops-rubric-v1,true,,system,0.87
syn-expanded-contradictory-1-cp6-unassisted,1,syn-expanded-contradictory-1,python.loops,loops-set-6-unassisted,loops-set-6,week-6,2026-10-12T10:00:00Z,unassisted,written,Synthetic attempt: I started the loop at 1 and stopped before n.,0.7,300,0,loops-rubric-v1,true,,system,0.75
syn-expanded-contradictory-1-cp7-assisted,1,syn-expanded-contradictory-1,python.loops,loops-set-7-assisted,loops-set-7,week-7,2026-10-19T10:00:00Z,assisted,written,Synthetic explanation: range excludes the stop value.,0.85,180,2,loops-rubric-v1,true,,system,0.87
syn-expanded-contradictory-1-cp7-unassisted,1,syn-expanded-contradictory-1,python.loops,loops-set-7-unassisted,loops-set-7,week-7,2026-10-19T10:00:00Z,unassisted,written,Synthetic attempt: I summed one extra element past the stop bound.,0.55,300,0,loops-rubric-v1,true,,system,0.6
syn-expanded-contradictory-1-cp8-assisted,1,syn-expanded-contradictory-1,python.loops,loops-set-8-assisted,loops-set-8,week-8,2026-10-26T10:00:00Z,assisted,written,Synthetic explanation: range excludes the stop value.,0.85,180,2,loops-rubric-v1,true,,system,0.87
syn-expanded-contradictory-1-cp8-unassisted,1,syn-expanded-contradictory-1,python.loops,loops-set-8-unassisted,loops-set-8,week-8,2026-10-26T10:00:00Z,unassisted,written,Synthetic attempt: I included the stop value when tracing the loop.,0.72,300,0,loops-rubric-v1,true,,system,0.77
syn-expanded-contradictory-2-cp1-assisted,1,syn-expanded-contradictory-2,python.loops,loops-set-1-assisted,loops-set-1,week-1,2026-09-07T10:00:00Z,assisted,written,Synthetic explanation: range excludes the stop value.,0.85,180,2,loops-rubric-v1,true,,system,0.87
syn-expanded-contradictory-2-cp1-unassisted,1,syn-expanded-contradictory-2,python.loops,loops-set-1-unassisted,loops-set-1,week-1,2026-09-07T10:00:00Z,unassisted,written,Synthetic attempt: I traced range as if both bounds were inclusive.,0.55,300,0,loops-rubric-v1,true,,system,0.6
syn-expanded-contradictory-2-cp2-assisted,1,syn-expanded-contradictory-2,python.loops,loops-set-2-assisted,loops-set-2,week-2,2026-09-14T10:00:00Z,assisted,written,Synthetic explanation: range excludes the stop value.,0.85,180,2,loops-rubric-v1,true,,system,0.87
syn-expanded-contradictory-2-cp2-unassisted,1,syn-expanded-contradictory-2,python.loops,loops-set-2-unassisted,loops-set-2,week-2,2026-09-14T10:00:00Z,unassisted,written,Synthetic attempt: I started the loop at 1 and stopped before n.,0.72,300,0,loops-rubric-v1,true,,system,0.77
syn-expanded-contradictory-2-cp3-assisted,1,syn-expanded-contradictory-2,python.loops,loops-set-3-assisted,loops-set-3,week-3,2026-09-21T10:00:00Z,assisted,written,Synthetic explanation: range excludes the stop value.,0.85,180,2,loops-rubric-v1,true,,system,0.87
syn-expanded-contradictory-2-cp3-unassisted,1,syn-expanded-contradictory-2,python.loops,loops-set-3-unassisted,loops-set-3,week-3,2026-09-21T10:00:00Z,unassisted,written,Synthetic attempt: I summed one extra element past the stop bound.,0.5,300,0,loops-rubric-v1,true,,system,0.55
syn-expanded-contradictory-2-cp4-assisted,1,syn-expanded-contradictory-2,python.loops,loops-set-4-assisted,loops-set-4,week-4,2026-09-28T10:00:00Z,assisted,written,Synthetic explanation: range excludes the stop value.,0.85,180,2,loops-rubric-v1,true,,system,0.87
syn-expanded-contradictory-2-cp4-unassisted,1,syn-expanded-contradictory-2,python.loops,loops-set-4-unassisted,loops-set-4,week-4,2026-09-28T10:00:00Z,unassisted,written,Synthetic attempt: I included the stop value when tracing the loop.,0.68,300,0,loops-rubric-v1,true,,system,0.73
syn-expanded-contradictory-2-cp5-assisted,1,syn-expanded-contradictory-2,python.loops,loops-set-5-assisted,loops-set-5,week-5,2026-10-05T10:00:00Z,assisted,written,Synthetic explanation: range excludes the stop value.,0.85,180,2,loops-rubric-v1,true,,system,0.87
syn-expanded-contradictory-2-cp5-unassisted,1,syn-expanded-contradictory-2,python.loops,loops-set-5-unassisted,loops-set-5,week-5,2026-10-05T10:00:00Z,unassisted,written,Synthetic attempt: I traced range as if both bounds were inclusive.,0.7,300,0,loops-rubric-v1,true,,system,0.75
syn-expanded-contradictory-3-cp1-assisted,1,syn-expanded-contradictory-3,python.loops,loops-set-1-assisted,loops-set-1,week-1,2026-09-07T10:00:00Z,assisted,written,Synthetic explanation: range excludes the stop value.,0.85,180,2,loops-rubric-v1,true,,system,0.87
syn-expanded-contradictory-3-cp1-unassisted,1,syn-expanded-contradictory-3,python.loops,loops-set-1-unassisted,loops-set-1,week-1,2026-09-07T10:00:00Z,unassisted,written,Synthetic attempt: I traced range as if both bounds were inclusive.,0.72,300,0,loops-rubric-v1,true,,system,0.77
syn-expanded-contradictory-3-cp2-assisted,1,syn-expanded-contradictory-3,python.loops,loops-set-2-assisted,loops-set-2,week-2,2026-09-14T10:00:00Z,assisted,written,Synthetic explanation: range excludes the stop value.,0.85,180,2,loops-rubric-v1,true,,system,0.87
syn-expanded-contradictory-3-cp2-unassisted,1,syn-expanded-contradictory-3,python.loops,loops-set-2-unassisted,loops-set-2,week-2,2026-09-14T10:00:00Z,unassisted,written,Synthetic attempt: I started the loop at 1 and stopped before n.,0.5,300,0,loops-rubric-v1,true,,system,0.55
syn-expanded-contradictory-3-cp3-assisted,1,syn-expanded-contradictory-3,python.loops,loops-set-3-assisted,loops-set-3,week-3,2026-09-21T10:00:00Z,assisted,written,Synthetic explanation: range excludes the stop value.,0.85,180,2,loops-rubric-v1,true,,system,0.87
syn-expanded-contradictory-3-cp3-unassisted,1,syn-expanded-contradictory-3,python.loops,loops-set-3-unassisted,loops-set-3,week-3,2026-09-21T10:00:00Z,unassisted,written,Synthetic attempt: I summed one extra element past the stop bound.,0.68,300,0,loops-rubric-v1,true,,system,0.73
syn-expanded-contradictory-3-cp4-assisted,1,syn-expanded-contradictory-3,python.loops,loops-set-4-assisted,loops-set-4,week-4,2026-09-28T10:00:00Z,assisted,written,Synthetic explanation: range excludes the stop value.,0.85,180,2,loops-rubric-v1,true,,system,0.87
syn-expanded-contradictory-3-cp4-unassisted,1,syn-expanded-contradictory-3,python.loops,loops-set-4-unassisted,loops-set-4,week-4,2026-09-28T10:00:00Z,unassisted,written,Synthetic attempt: I included the stop value when tracing the loop.,0.7,300,0,loops-rubric-v1,true,,system,0.75
syn-expanded-contradictory-3-cp5-assisted,1,syn-expanded-contradictory-3,python.loops,loops-set-5-assisted,loops-set-5,week-5,2026-10-05T10:00:00Z,assisted,written,Synthetic explanation: range excludes the stop value.,0.85,180,2,loops-rubric-v1,true,,system,0.87
syn-expanded-contradictory-3-cp5-unassisted,1,syn-expanded-contradictory-3,python.loops,loops-set-5-unassisted,loops-set-5,week-5,2026-10-05T10:00:00Z,unassisted,written,Synthetic attempt: I traced range as if both bounds were inclusive.,0.55,300,0,loops-rubric-v1,true,,system,0.6
syn-expanded-contradictory-4-cp1-assisted,1,syn-expanded-contradictory-4,python.loops,loops-set-1-assisted,loops-set-1,week-1,2026-09-07T10:00:00Z,assisted,written,Synthetic explanation: range excludes the stop value.,0.85,180,2,loops-rubric-v1,true,,system,0.87
syn-expanded-contradictory-4-cp1-unassisted,1,syn-expanded-contradictory-4,python.loops,loops-set-1-unassisted,loops-set-1,week-1,2026-09-07T10:00:00Z,unassisted,written,Synthetic attempt: I traced range as if both bounds were inclusive.,0.5,300,0,loops-rubric-v1,true,,system,0.55
syn-expanded-contradictory-4-cp2-assisted,1,syn-expanded-contradictory-4,python.loops,loops-set-2-assisted,loops-set-2,week-2,2026-09-14T10:00:00Z,assisted,written,Synthetic explanation: range excludes the stop value.,0.85,180,2,loops-rubric-v1,true,,system,0.87
syn-expanded-contradictory-4-cp2-unassisted,1,syn-expanded-contradictory-4,python.loops,loops-set-2-unassisted,loops-set-2,week-2,2026-09-14T10:00:00Z,unassisted,written,Synthetic attempt: I started the loop at 1 and stopped before n.,0.68,300,0,loops-rubric-v1,true,,system,0.73
syn-expanded-contradictory-4-cp3-assisted,1,syn-expanded-contradictory-4,python.loops,loops-set-3-assisted,loops-set-3,week-3,2026-09-21T10:00:00Z,assisted,written,Synthetic explanation: range excludes the stop value.,0.85,180,2,loops-rubric-v1,true,,system,0.87
syn-expanded-contradictory-4-cp3-unassisted,1,syn-expanded-contradictory-4,python.loops,loops-set-3-unassisted,loops-set-3,week-3,2026-09-21T10:00:00Z,unassisted,written,Synthetic attempt: I summed one extra element past the stop bound.,0.7,300,0,loops-rubric-v1,true,,system,0.75
syn-expanded-contradictory-4-cp4-assisted,1,syn-expanded-contradictory-4,python.loops,loops-set-4-assisted,loops-set-4,week-4,2026-09-28T10:00:00Z,assisted,written,Synthetic explanation: range excludes the stop value.,0.85,180,2,loops-rubric-v1,true,,system,0.87
syn-expanded-contradictory-4-cp4-unassisted,1,syn-expanded-contradictory-4,python.loops,loops-set-4-unassisted,loops-set-4,week-4,2026-09-28T10:00:00Z,unassisted,written,Synthetic attempt: I included the stop value when tracing the loop.,0.55,300,0,loops-rubric-v1,true,,system,0.6
syn-expanded-contradictory-4-cp5-assisted,1,syn-expanded-contradictory-4,python.loops,loops-set-5-assisted,loops-set-5,week-5,2026-10-05T10:00:00Z,assisted,written,Synthetic explanation: range excludes the stop value.,0.85,180,2,loops-rubric-v1,true,,system,0.87
syn-expanded-contradictory-4-cp5-unassisted,1,syn-expanded-contradictory-4,python.loops,loops-set-5-unassisted,loops-set-5,week-5,2026-10-05T10:00:00Z,unassisted,written,Synthetic attempt: I traced range as if both bounds were inclusive.,0.72,300,0,loops-rubric-v1,true,,system,0.77
syn-expanded-contradictory-5-cp1-assisted,1,syn-expanded-contradictory-5,python.loops,loops-set-1-assisted,loops-set-1,week-1,2026-09-07T10:00:00Z,assisted,written,Synthetic explanation: range excludes the stop value.,0.85,180,2,loops-rubric-v1,true,,system,0.87
syn-expanded-contradictory-5-cp1-unassisted,1,syn-expanded-contradictory-5,python.loops,loops-set-1-unassisted,loops-set-1,week-1,2026-09-07T10:00:00Z,unassisted,written,Synthetic attempt: I traced range as if both bounds were inclusive.,0.68,300,0,loops-rubric-v1,true,,system,0.73
syn-expanded-contradictory-5-cp2-assisted,1,syn-expanded-contradictory-5,python.loops,loops-set-2-assisted,loops-set-2,week-2,2026-09-14T10:00:00Z,assisted,written,Synthetic explanation: range excludes the stop value.,0.85,180,2,loops-rubric-v1,true,,system,0.87
syn-expanded-contradictory-5-cp2-unassisted,1,syn-expanded-contradictory-5,python.loops,loops-set-2-unassisted,loops-set-2,week-2,2026-09-14T10:00:00Z,unassisted,written,Synthetic attempt: I started the loop at 1 and stopped before n.,0.7,300,0,loops-rubric-v1,true,,system,0.75
syn-expanded-contradictory-5-cp3-assisted,1,syn-expanded-contradictory-5,python.loops,loops-set-3-assisted,loops-set-3,week-3,2026-09-21T10:00:00Z,assisted,written,Synthetic explanation: range excludes the stop value.,0.85,180,2,loops-rubric-v1,true,,system,0.87
syn-expanded-contradictory-5-cp3-unassisted,1,syn-expanded-contradictory-5,python.loops,loops-set-3-unassisted,loops-set-3,week-3,2026-09-21T10:00:00Z,unassisted,written,Synthetic attempt: I summed one extra element past the stop bound.,0.55,300,0,loops-rubric-v1,true,,system,0.6
syn-expanded-contradictory-5-cp4-assisted,1,syn-expanded-contradictory-5,python.loops,loops-set-4-assisted,loops-set-4,week-4,2026-09-28T10:00:00Z,assisted,written,Synthetic explanation: range excludes the stop value.,0.85,180,2,loops-rubric-v1,true,,system,0.87
syn-expanded-contradictory-5-cp4-unassisted,1,syn-expanded-contradictory-5,python.loops,loops-set-4-unassisted,loops-set-4,week-4,2026-09-28T10:00:00Z,unassisted,written,Synthetic attempt: I included the stop value when tracing the loop.,0.72,300,0,loops-rubric-v1,true,,system,0.77
syn-expanded-contradictory-5-cp5-assisted,1,syn-expanded-contradictory-5,python.loops,loops-set-5-assisted,loops-set-5,week-5,2026-10-05T10:00:00Z,assisted,written,Synthetic explanation: range excludes the stop value.,0.85,180,2,loops-rubric-v1,true,,system,0.87
syn-expanded-contradictory-5-cp5-unassisted,1,syn-expanded-contradictory-5,python.loops,loops-set-5-unassisted,loops-set-5,week-5,2026-10-05T10:00:00Z,unassisted,written,Synthetic attempt: I traced range as if both bounds were inclusive.,0.5,300,0,loops-rubric-v1,true,,system,0.55
syn-expanded-contradictory-6-cp1-assisted,1,syn-expanded-contradictory-6,python.loops,loops-set-1-assisted,loops-set-1,week-1,2026-09-07T10:00:00Z,assisted,written,Synthetic explanation: range excludes the stop value.,0.85,180,2,loops-rubric-v1,true,,system,0.87
syn-expanded-contradictory-6-cp1-unassisted,1,syn-expanded-contradictory-6,python.loops,loops-set-1-unassisted,loops-set-1,week-1,2026-09-07T10:00:00Z,unassisted,written,Synthetic attempt: I traced range as if both bounds were inclusive.,0.7,300,0,loops-rubric-v1,true,,system,0.75
syn-expanded-contradictory-6-cp2-assisted,1,syn-expanded-contradictory-6,python.loops,loops-set-2-assisted,loops-set-2,week-2,2026-09-14T10:00:00Z,assisted,written,Synthetic explanation: range excludes the stop value.,0.85,180,2,loops-rubric-v1,true,,system,0.87
syn-expanded-contradictory-6-cp2-unassisted,1,syn-expanded-contradictory-6,python.loops,loops-set-2-unassisted,loops-set-2,week-2,2026-09-14T10:00:00Z,unassisted,written,Synthetic attempt: I started the loop at 1 and stopped before n.,0.55,300,0,loops-rubric-v1,true,,system,0.6
syn-expanded-contradictory-6-cp3-assisted,1,syn-expanded-contradictory-6,python.loops,loops-set-3-assisted,loops-set-3,week-3,2026-09-21T10:00:00Z,assisted,written,Synthetic explanation: range excludes the stop value.,0.85,180,2,loops-rubric-v1,true,,system,0.87
syn-expanded-contradictory-6-cp3-unassisted,1,syn-expanded-contradictory-6,python.loops,loops-set-3-unassisted,loops-set-3,week-3,2026-09-21T10:00:00Z,unassisted,written,Synthetic attempt: I summed one extra element past the stop bound.,0.72,300,0,loops-rubric-v1,true,,system,0.77
syn-expanded-contradictory-6-cp4-assisted,1,syn-expanded-contradictory-6,python.loops,loops-set-4-assisted,loops-set-4,week-4,2026-09-28T10:00:00Z,assisted,written,Synthetic explanation: range excludes the stop value.,0.85,180,2,loops-rubric-v1,true,,system,0.87
syn-expanded-contradictory-6-cp4-unassisted,1,syn-expanded-contradictory-6,python.loops,loops-set-4-unassisted,loops-set-4,week-4,2026-09-28T10:00:00Z,unassisted,written,Synthetic attempt: I included the stop value when tracing the loop.,0.5,300,0,loops-rubric-v1,true,,system,0.55
syn-expanded-contradictory-6-cp5-assisted,1,syn-expanded-contradictory-6,python.loops,loops-set-5-assisted,loops-set-5,week-5,2026-10-05T10:00:00Z,assisted,written,Synthetic explanation: range excludes the stop value.,0.85,180,2,loops-rubric-v1,true,,system,0.87
syn-expanded-contradictory-6-cp5-unassisted,1,syn-expanded-contradictory-6,python.loops,loops-set-5-unassisted,loops-set-5,week-5,2026-10-05T10:00:00Z,unassisted,written,Synthetic attempt: I traced range as if both bounds were inclusive.,0.68,300,0,loops-rubric-v1,true,,system,0.73
syn-expanded-contradictory-7-cp1-assisted,1,syn-expanded-contradictory-7,python.loops,loops-set-1-assisted,loops-set-1,week-1,2026-09-07T10:00:00Z,assisted,written,Synthetic explanation: range excludes the stop value.,0.85,180,2,loops-rubric-v1,true,,system,0.87
syn-expanded-contradictory-7-cp1-unassisted,1,syn-expanded-contradictory-7,python.loops,loops-set-1-unassisted,loops-set-1,week-1,2026-09-07T10:00:00Z,unassisted,written,Synthetic attempt: I traced range as if both bounds were inclusive.,0.55,300,0,loops-rubric-v1,true,,system,0.6
syn-expanded-contradictory-7-cp2-assisted,1,syn-expanded-contradictory-7,python.loops,loops-set-2-assisted,loops-set-2,week-2,2026-09-14T10:00:00Z,assisted,written,Synthetic explanation: range excludes the stop value.,0.85,180,2,loops-rubric-v1,true,,system,0.87
syn-expanded-contradictory-7-cp2-unassisted,1,syn-expanded-contradictory-7,python.loops,loops-set-2-unassisted,loops-set-2,week-2,2026-09-14T10:00:00Z,unassisted,written,Synthetic attempt: I started the loop at 1 and stopped before n.,0.72,300,0,loops-rubric-v1,true,,system,0.77
syn-expanded-contradictory-7-cp3-assisted,1,syn-expanded-contradictory-7,python.loops,loops-set-3-assisted,loops-set-3,week-3,2026-09-21T10:00:00Z,assisted,written,Synthetic explanation: range excludes the stop value.,0.85,180,2,loops-rubric-v1,true,,system,0.87
syn-expanded-contradictory-7-cp3-unassisted,1,syn-expanded-contradictory-7,python.loops,loops-set-3-unassisted,loops-set-3,week-3,2026-09-21T10:00:00Z,unassisted,written,Synthetic attempt: I summed one extra element past the stop bound.,0.5,300,0,loops-rubric-v1,true,,system,0.55
syn-expanded-contradictory-7-cp4-assisted,1,syn-expanded-contradictory-7,python.loops,loops-set-4-assisted,loops-set-4,week-4,2026-09-28T10:00:00Z,assisted,written,Synthetic explanation: range excludes the stop value.,0.85,180,2,loops-rubric-v1,true,,system,0.87
syn-expanded-contradictory-7-cp4-unassisted,1,syn-expanded-contradictory-7,python.loops,loops-set-4-unassisted,loops-set-4,week-4,2026-09-28T10:00:00Z,unassisted,written,Synthetic attempt: I included the stop value when tracing the loop.,0.68,300,0,loops-rubric-v1,true,,system,0.73
syn-expanded-contradictory-7-cp5-assisted,1,syn-expanded-contradictory-7,python.loops,loops-set-5-assisted,loops-set-5,week-5,2026-10-05T10:00:00Z,assisted,written,Synthetic explanation: range excludes the stop value.,0.85,180,2,loops-rubric-v1,true,,system,0.87
syn-expanded-contradictory-7-cp5-unassisted,1,syn-expanded-contradictory-7,python.loops,loops-set-5-unassisted,loops-set-5,week-5,2026-10-05T10:00:00Z,unassisted,written,Synthetic attempt: I traced range as if both bounds were inclusive.,0.7,300,0,loops-rubric-v1,true,,system,0.75
syn-expanded-contradictory-8-cp1-assisted,1,syn-expanded-contradictory-8,python.loops,loops-set-1-assisted,loops-set-1,week-1,2026-09-07T10:00:00Z,assisted,written,Synthetic explanation: range excludes the stop value.,0.85,180,2,loops-rubric-v1,true,,system,0.87
syn-expanded-contradictory-8-cp1-unassisted,1,syn-expanded-contradictory-8,python.loops,loops-set-1-unassisted,loops-set-1,week-1,2026-09-07T10:00:00Z,unassisted,written,Synthetic attempt: I traced range as if both bounds were inclusive.,0.72,300,0,loops-rubric-v1,true,,system,0.77
syn-expanded-contradictory-8-cp2-assisted,1,syn-expanded-contradictory-8,python.loops,loops-set-2-assisted,loops-set-2,week-2,2026-09-14T10:00:00Z,assisted,written,Synthetic explanation: range excludes the stop value.,0.85,180,2,loops-rubric-v1,true,,system,0.87
syn-expanded-contradictory-8-cp2-unassisted,1,syn-expanded-contradictory-8,python.loops,loops-set-2-unassisted,loops-set-2,week-2,2026-09-14T10:00:00Z,unassisted,written,Synthetic attempt: I started the loop at 1 and stopped before n.,0.5,300,0,loops-rubric-v1,true,,system,0.55
syn-expanded-contradictory-8-cp3-assisted,1,syn-expanded-contradictory-8,python.loops,loops-set-3-assisted,loops-set-3,week-3,2026-09-21T10:00:00Z,assisted,written,Synthetic explanation: range excludes the stop value.,0.85,180,2,loops-rubric-v1,true,,system,0.87
syn-expanded-contradictory-8-cp3-unassisted,1,syn-expanded-contradictory-8,python.loops,loops-set-3-unassisted,loops-set-3,week-3,2026-09-21T10:00:00Z,unassisted,written,Synthetic attempt: I summed one extra element past the stop bound.,0.68,300,0,loops-rubric-v1,true,,system,0.73
syn-expanded-contradictory-8-cp4-assisted,1,syn-expanded-contradictory-8,python.loops,loops-set-4-assisted,loops-set-4,week-4,2026-09-28T10:00:00Z,assisted,written,Synthetic explanation: range excludes the stop value.,0.85,180,2,loops-rubric-v1,true,,system,0.87
syn-expanded-contradictory-8-cp4-unassisted,1,syn-expanded-contradictory-8,python.loops,loops-set-4-unassisted,loops-set-4,week-4,2026-09-28T10:00:00Z,unassisted,written,Synthetic attempt: I included the stop value when tracing the loop.,0.7,300,0,loops-rubric-v1,true,,system,0.75
syn-expanded-contradictory-8-cp5-assisted,1,syn-expanded-contradictory-8,python.loops,loops-set-5-assisted,loops-set-5,week-5,2026-10-05T10:00:00Z,assisted,written,Synthetic explanation: range excludes the stop value.,0.85,180,2,loops-rubric-v1,true,,system,0.87
syn-expanded-contradictory-8-cp5-unassisted,1,syn-expanded-contradictory-8,python.loops,loops-set-5-unassisted,loops-set-5,week-5,2026-10-05T10:00:00Z,unassisted,written,Synthetic attempt: I traced range as if both bounds were inclusive.,0.55,300,0,loops-rubric-v1,true,,system,0.6
syn-expanded-contradictory-9-cp1-assisted,1,syn-expanded-contradictory-9,python.loops,loops-set-1-assisted,loops-set-1,week-1,2026-09-07T10:00:00Z,assisted,written,Synthetic explanation: range excludes the stop value.,0.85,180,2,loops-rubric-v1,true,,system,0.87
syn-expanded-contradictory-9-cp1-unassisted,1,syn-expanded-contradictory-9,python.loops,loops-set-1-unassisted,loops-set-1,week-1,2026-09-07T10:00:00Z,unassisted,written,Synthetic attempt: I traced range as if both bounds were inclusive.,0.5,300,0,loops-rubric-v1,true,,system,0.55
syn-expanded-contradictory-9-cp2-assisted,1,syn-expanded-contradictory-9,python.loops,loops-set-2-assisted,loops-set-2,week-2,2026-09-14T10:00:00Z,assisted,written,Synthetic explanation: range excludes the stop value.,0.85,180,2,loops-rubric-v1,true,,system,0.87
syn-expanded-contradictory-9-cp2-unassisted,1,syn-expanded-contradictory-9,python.loops,loops-set-2-unassisted,loops-set-2,week-2,2026-09-14T10:00:00Z,unassisted,written,Synthetic attempt: I started the loop at 1 and stopped before n.,0.68,300,0,loops-rubric-v1,true,,system,0.73
syn-expanded-contradictory-9-cp3-assisted,1,syn-expanded-contradictory-9,python.loops,loops-set-3-assisted,loops-set-3,week-3,2026-09-21T10:00:00Z,assisted,written,Synthetic explanation: range excludes the stop value.,0.85,180,2,loops-rubric-v1,true,,system,0.87
syn-expanded-contradictory-9-cp3-unassisted,1,syn-expanded-contradictory-9,python.loops,loops-set-3-unassisted,loops-set-3,week-3,2026-09-21T10:00:00Z,unassisted,written,Synthetic attempt: I summed one extra element past the stop bound.,0.7,300,0,loops-rubric-v1,true,,system,0.75
syn-expanded-contradictory-9-cp4-assisted,1,syn-expanded-contradictory-9,python.loops,loops-set-4-assisted,loops-set-4,week-4,2026-09-28T10:00:00Z,assisted,written,Synthetic explanation: range excludes the stop value.,0.85,180,2,loops-rubric-v1,true,,system,0.87
syn-expanded-contradictory-9-cp4-unassisted,1,syn-expanded-contradictory-9,python.loops,loops-set-4-unassisted,loops-set-4,week-4,2026-09-28T10:00:00Z,unassisted,written,Synthetic attempt: I included the stop value when tracing the loop.,0.55,300,0,loops-rubric-v1,true,,system,0.6
syn-expanded-contradictory-9-cp5-assisted,1,syn-expanded-contradictory-9,python.loops,loops-set-5-assisted,loops-set-5,week-5,2026-10-05T10:00:00Z,assisted,written,Synthetic explanation: range excludes the stop value.,0.85,180,2,loops-rubric-v1,true,,system,0.87
syn-expanded-contradictory-9-cp5-unassisted,1,syn-expanded-contradictory-9,python.loops,loops-set-5-unassisted,loops-set-5,week-5,2026-10-05T10:00:00Z,unassisted,written,Synthetic attempt: I traced range as if both bounds were inclusive.,0.72,300,0,loops-rubric-v1,true,,system,0.77
syn-expanded-insufficient_data-1-cp1-assisted,1,syn-expanded-insufficient_data-1,python.loops,loops-set-1-assisted,loops-set-1,week-1,2026-09-07T10:00:00Z,assisted,written,Synthetic explanation: range excludes the stop value.,0.85,180,2,loops-rubric-v1,true,,system,0.87
syn-expanded-insufficient_data-1-cp1-unassisted,1,syn-expanded-insufficient_data-1,python.loops,loops-set-1-unassisted,loops-set-1,week-1,2026-09-07T10:00:00Z,unassisted,written,Synthetic attempt: I traced range as if both bounds were inclusive.,0.0,300,0,loops-rubric-v1,true,,system,0.05
syn-expanded-insufficient_data-1-cp2-assisted,1,syn-expanded-insufficient_data-1,python.loops,loops-set-2-assisted,loops-set-2,week-2,2026-09-14T10:00:00Z,assisted,written,Synthetic explanation: range excludes the stop value.,0.85,180,2,loops-rubric-v1,true,,system,0.87
syn-expanded-insufficient_data-1-cp2-unassisted,1,syn-expanded-insufficient_data-1,python.loops,loops-set-2-unassisted,loops-set-2,week-2,2026-09-14T10:00:00Z,unassisted,written,Synthetic attempt: I started the loop at 1 and stopped before n.,0.0,300,0,loops-rubric-v1,true,,system,0.05
syn-expanded-insufficient_data-2-cp1-assisted,1,syn-expanded-insufficient_data-2,python.loops,loops-set-1-assisted,loops-set-1,week-1,2026-09-07T10:00:00Z,assisted,written,Synthetic explanation: range excludes the stop value.,0.85,180,2,loops-rubric-v1,true,,system,0.87
syn-expanded-insufficient_data-2-cp1-unassisted,1,syn-expanded-insufficient_data-2,python.loops,loops-set-1-unassisted,loops-set-1,week-1,2026-09-07T10:00:00Z,unassisted,written,Synthetic attempt: I traced range as if both bounds were inclusive.,0.0,300,0,loops-rubric-v1,true,,system,0.05
syn-expanded-insufficient_data-2-cp2-assisted,1,syn-expanded-insufficient_data-2,python.loops,loops-set-2-assisted,loops-set-2,week-2,2026-09-14T10:00:00Z,assisted,written,Synthetic explanation: range excludes the stop value.,0.85,180,2,loops-rubric-v1,true,,system,0.87
syn-expanded-insufficient_data-2-cp2-unassisted,1,syn-expanded-insufficient_data-2,python.loops,loops-set-2-unassisted,loops-set-2,week-2,2026-09-14T10:00:00Z,unassisted,written,Synthetic attempt: I started the loop at 1 and stopped before n.,0.0,300,0,loops-rubric-v1,true,,system,0.05
syn-expanded-insufficient_data-3-cp1-assisted,1,syn-expanded-insufficient_data-3,python.loops,loops-set-1-assisted,loops-set-1,week-1,2026-09-07T10:00:00Z,assisted,written,Synthetic explanation: range excludes the stop value.,0.85,180,2,loops-rubric-v1,true,,system,0.87
syn-expanded-insufficient_data-3-cp1-unassisted,1,syn-expanded-insufficient_data-3,python.loops,loops-set-1-unassisted,loops-set-1,week-1,2026-09-07T10:00:00Z,unassisted,written,Synthetic attempt: I traced range as if both bounds were inclusive.,0.0,300,0,loops-rubric-v1,true,,system,0.05
syn-expanded-insufficient_data-3-cp2-assisted,1,syn-expanded-insufficient_data-3,python.loops,loops-set-2-assisted,loops-set-2,week-2,2026-09-14T10:00:00Z,assisted,written,Synthetic explanation: range excludes the stop value.,0.85,180,2,loops-rubric-v1,true,,system,0.87
syn-expanded-insufficient_data-3-cp2-unassisted,1,syn-expanded-insufficient_data-3,python.loops,loops-set-2-unassisted,loops-set-2,week-2,2026-09-14T10:00:00Z,unassisted,written,Synthetic attempt: I started the loop at 1 and stopped before n.,0.0,300,0,loops-rubric-v1,true,,system,0.05
syn-expanded-insufficient_data-4-cp1-assisted,1,syn-expanded-insufficient_data-4,python.loops,loops-set-1-assisted,loops-set-1,week-1,2026-09-07T10:00:00Z,assisted,written,Synthetic explanation: range excludes the stop value.,0.85,180,2,loops-rubric-v1,true,,system,0.87
syn-expanded-insufficient_data-4-cp1-unassisted,1,syn-expanded-insufficient_data-4,python.loops,loops-set-1-unassisted,loops-set-1,week-1,2026-09-07T10:00:00Z,unassisted,written,Synthetic attempt: I traced range as if both bounds were inclusive.,0.0,300,0,loops-rubric-v1,true,,system,0.05
syn-expanded-insufficient_data-4-cp2-assisted,1,syn-expanded-insufficient_data-4,python.loops,loops-set-2-assisted,loops-set-2,week-2,2026-09-14T10:00:00Z,assisted,written,Synthetic explanation: range excludes the stop value.,0.85,180,2,loops-rubric-v1,true,,system,0.87
syn-expanded-insufficient_data-4-cp2-unassisted,1,syn-expanded-insufficient_data-4,python.loops,loops-set-2-unassisted,loops-set-2,week-2,2026-09-14T10:00:00Z,unassisted,written,Synthetic attempt: I started the loop at 1 and stopped before n.,0.0,300,0,loops-rubric-v1,true,,system,0.05
syn-expanded-insufficient_data-5-cp1-assisted,1,syn-expanded-insufficient_data-5,python.loops,loops-set-1-assisted,loops-set-1,week-1,2026-09-07T10:00:00Z,assisted,written,Synthetic explanation: range excludes the stop value.,0.85,180,2,loops-rubric-v1,true,,system,0.87
syn-expanded-insufficient_data-5-cp1-unassisted,1,syn-expanded-insufficient_data-5,python.loops,loops-set-1-unassisted,loops-set-1,week-1,2026-09-07T10:00:00Z,unassisted,written,Synthetic attempt: I traced range as if both bounds were inclusive.,0.0,300,0,loops-rubric-v1,true,,system,0.05
syn-expanded-insufficient_data-5-cp2-assisted,1,syn-expanded-insufficient_data-5,python.loops,loops-set-2-assisted,loops-set-2,week-2,2026-09-14T10:00:00Z,assisted,written,Synthetic explanation: range excludes the stop value.,0.85,180,2,loops-rubric-v1,true,,system,0.87
syn-expanded-insufficient_data-5-cp2-unassisted,1,syn-expanded-insufficient_data-5,python.loops,loops-set-2-unassisted,loops-set-2,week-2,2026-09-14T10:00:00Z,unassisted,written,Synthetic attempt: I started the loop at 1 and stopped before n.,0.0,300,0,loops-rubric-v1,true,,system,0.05
syn-expanded-insufficient_data-6-cp1-assisted,1,syn-expanded-insufficient_data-6,python.loops,loops-set-1-assisted,loops-set-1,week-1,2026-09-07T10:00:00Z,assisted,written,Synthetic explanation: range excludes the stop value.,0.85,180,2,loops-rubric-v1,true,,system,0.87
syn-expanded-insufficient_data-6-cp1-unassisted,1,syn-expanded-insufficient_data-6,python.loops,loops-set-1-unassisted,loops-set-1,week-1,2026-09-07T10:00:00Z,unassisted,written,Synthetic attempt: I traced range as if both bounds were inclusive.,0.0,300,0,loops-rubric-v1,true,,system,0.05
syn-expanded-insufficient_data-6-cp2-assisted,1,syn-expanded-insufficient_data-6,python.loops,loops-set-2-assisted,loops-set-2,week-2,2026-09-14T10:00:00Z,assisted,written,Synthetic explanation: range excludes the stop value.,0.85,180,2,loops-rubric-v1,true,,system,0.87
syn-expanded-insufficient_data-6-cp2-unassisted,1,syn-expanded-insufficient_data-6,python.loops,loops-set-2-unassisted,loops-set-2,week-2,2026-09-14T10:00:00Z,unassisted,written,Synthetic attempt: I started the loop at 1 and stopped before n.,0.0,300,0,loops-rubric-v1,true,,system,0.05
syn-expanded-insufficient_data-7-cp1-assisted,1,syn-expanded-insufficient_data-7,python.loops,loops-set-1-assisted,loops-set-1,week-1,2026-09-07T10:00:00Z,assisted,written,Synthetic explanation: range excludes the stop value.,0.85,180,2,loops-rubric-v1,true,,system,0.87
syn-expanded-insufficient_data-7-cp1-unassisted,1,syn-expanded-insufficient_data-7,python.loops,loops-set-1-unassisted,loops-set-1,week-1,2026-09-07T10:00:00Z,unassisted,written,Synthetic attempt: I traced range as if both bounds were inclusive.,0.0,300,0,loops-rubric-v1,true,,system,0.05
syn-expanded-insufficient_data-7-cp2-assisted,1,syn-expanded-insufficient_data-7,python.loops,loops-set-2-assisted,loops-set-2,week-2,2026-09-14T10:00:00Z,assisted,written,Synthetic explanation: range excludes the stop value.,0.85,180,2,loops-rubric-v1,true,,system,0.87
syn-expanded-insufficient_data-7-cp2-unassisted,1,syn-expanded-insufficient_data-7,python.loops,loops-set-2-unassisted,loops-set-2,week-2,2026-09-14T10:00:00Z,unassisted,written,Synthetic attempt: I started the loop at 1 and stopped before n.,0.0,300,0,loops-rubric-v1,true,,system,0.05
syn-expanded-insufficient_data-8-cp1-assisted,1,syn-expanded-insufficient_data-8,python.loops,loops-set-1-assisted,loops-set-1,week-1,2026-09-07T10:00:00Z,assisted,written,Synthetic explanation: range excludes the stop value.,0.85,180,2,loops-rubric-v1,true,,system,0.87
syn-expanded-insufficient_data-8-cp1-unassisted,1,syn-expanded-insufficient_data-8,python.loops,loops-set-1-unassisted,loops-set-1,week-1,2026-09-07T10:00:00Z,unassisted,written,Synthetic attempt: I traced range as if both bounds were inclusive.,0.0,300,0,loops-rubric-v1,true,,system,0.05
syn-expanded-insufficient_data-8-cp2-assisted,1,syn-expanded-insufficient_data-8,python.loops,loops-set-2-assisted,loops-set-2,week-2,2026-09-14T10:00:00Z,assisted,written,Synthetic explanation: range excludes the stop value.,0.85,180,2,loops-rubric-v1,true,,system,0.87
syn-expanded-insufficient_data-8-cp2-unassisted,1,syn-expanded-insufficient_data-8,python.loops,loops-set-2-unassisted,loops-set-2,week-2,2026-09-14T10:00:00Z,unassisted,written,Synthetic attempt: I started the loop at 1 and stopped before n.,0.0,300,0,loops-rubric-v1,true,,system,0.05
syn-expanded-insufficient_data-9-cp1-assisted,1,syn-expanded-insufficient_data-9,python.loops,loops-set-1-assisted,loops-set-1,week-1,2026-09-07T10:00:00Z,assisted,written,Synthetic explanation: range excludes the stop value.,0.85,180,2,loops-rubric-v1,true,,system,0.87
syn-expanded-insufficient_data-9-cp1-unassisted,1,syn-expanded-insufficient_data-9,python.loops,loops-set-1-unassisted,loops-set-1,week-1,2026-09-07T10:00:00Z,unassisted,written,Synthetic attempt: I traced range as if both bounds were inclusive.,0.0,300,0,loops-rubric-v1,true,,system,0.05
syn-expanded-insufficient_data-9-cp2-assisted,1,syn-expanded-insufficient_data-9,python.loops,loops-set-2-assisted,loops-set-2,week-2,2026-09-14T10:00:00Z,assisted,written,Synthetic explanation: range excludes the stop value.,0.85,180,2,loops-rubric-v1,true,,system,0.87
syn-expanded-insufficient_data-9-cp2-unassisted,1,syn-expanded-insufficient_data-9,python.loops,loops-set-2-unassisted,loops-set-2,week-2,2026-09-14T10:00:00Z,unassisted,written,Synthetic attempt: I started the loop at 1 and stopped before n.,0.0,300,0,loops-rubric-v1,true,,system,0.05
syn-expanded-insufficient_data-10-cp1-assisted,1,syn-expanded-insufficient_data-10,python.loops,loops-set-1-assisted,loops-set-1,week-1,2026-09-07T10:00:00Z,assisted,written,Synthetic explanation: range excludes the stop value.,0.85,180,2,loops-rubric-v1,true,,system,0.87
syn-expanded-insufficient_data-10-cp1-unassisted,1,syn-expanded-insufficient_data-10,python.loops,loops-set-1-unassisted,loops-set-1,week-1,2026-09-07T10:00:00Z,unassisted,written,Synthetic attempt: I started the loop at 1 and stopped before n.,0.0,300,0,loops-rubric-v1,true,,system,0.05
syn-expanded-insufficient_data-10-cp2-assisted,1,syn-expanded-insufficient_data-10,python.loops,loops-set-2-assisted,loops-set-2,week-2,2026-09-14T10:00:00Z,assisted,written,Synthetic explanation: range excludes the stop value.,0.85,180,2,loops-rubric-v1,true,,system,0.87
syn-expanded-insufficient_data-10-cp2-unassisted,1,syn-expanded-insufficient_data-10,python.loops,loops-set-2-unassisted,loops-set-2,week-2,2026-09-14T10:00:00Z,unassisted,written,Synthetic attempt: I summed one extra element past the stop bound.,0.0,300,0,loops-rubric-v1,true,,system,0.05
syn-expanded-insufficient_data-11-cp1-assisted,1,syn-expanded-insufficient_data-11,python.loops,loops-set-1-assisted,loops-set-1,week-1,2026-09-07T10:00:00Z,assisted,written,Synthetic explanation: range excludes the stop value.,0.85,180,2,loops-rubric-v1,true,,system,0.87
syn-expanded-insufficient_data-11-cp1-unassisted,1,syn-expanded-insufficient_data-11,python.loops,loops-set-1-unassisted,loops-set-1,week-1,2026-09-07T10:00:00Z,unassisted,written,Synthetic attempt: I started the loop at 1 and stopped before n.,0.0,300,0,loops-rubric-v1,true,,system,0.05
syn-expanded-insufficient_data-11-cp2-assisted,1,syn-expanded-insufficient_data-11,python.loops,loops-set-2-assisted,loops-set-2,week-2,2026-09-14T10:00:00Z,assisted,written,Synthetic explanation: range excludes the stop value.,0.85,180,2,loops-rubric-v1,true,,system,0.87
syn-expanded-insufficient_data-11-cp2-unassisted,1,syn-expanded-insufficient_data-11,python.loops,loops-set-2-unassisted,loops-set-2,week-2,2026-09-14T10:00:00Z,unassisted,written,Synthetic attempt: I summed one extra element past the stop bound.,0.0,300,0,loops-rubric-v1,true,,system,0.05
syn-expanded-insufficient_data-12-cp1-assisted,1,syn-expanded-insufficient_data-12,python.loops,loops-set-1-assisted,loops-set-1,week-1,2026-09-07T10:00:00Z,assisted,written,Synthetic explanation: range excludes the stop value.,0.85,180,2,loops-rubric-v1,true,,system,0.87
syn-expanded-insufficient_data-12-cp1-unassisted,1,syn-expanded-insufficient_data-12,python.loops,loops-set-1-unassisted,loops-set-1,week-1,2026-09-07T10:00:00Z,unassisted,written,Synthetic attempt: I started the loop at 1 and stopped before n.,0.0,300,0,loops-rubric-v1,true,,system,0.05
syn-expanded-insufficient_data-12-cp2-assisted,1,syn-expanded-insufficient_data-12,python.loops,loops-set-2-assisted,loops-set-2,week-2,2026-09-14T10:00:00Z,assisted,written,Synthetic explanation: range excludes the stop value.,0.85,180,2,loops-rubric-v1,true,,system,0.87
syn-expanded-insufficient_data-12-cp2-unassisted,1,syn-expanded-insufficient_data-12,python.loops,loops-set-2-unassisted,loops-set-2,week-2,2026-09-14T10:00:00Z,unassisted,written,Synthetic attempt: I summed one extra element past the stop bound.,0.0,300,0,loops-rubric-v1,true,,system,0.05
syn-expanded-insufficient_data-13-cp1-assisted,1,syn-expanded-insufficient_data-13,python.loops,loops-set-1-assisted,loops-set-1,week-1,2026-09-07T10:00:00Z,assisted,written,Synthetic explanation: range excludes the stop value.,0.85,180,2,loops-rubric-v1,true,,system,0.87
syn-expanded-insufficient_data-13-cp1-unassisted,1,syn-expanded-insufficient_data-13,python.loops,loops-set-1-unassisted,loops-set-1,week-1,2026-09-07T10:00:00Z,unassisted,written,Synthetic attempt: I started the loop at 1 and stopped before n.,0.0,300,0,loops-rubric-v1,true,,system,0.05
syn-expanded-insufficient_data-13-cp2-assisted,1,syn-expanded-insufficient_data-13,python.loops,loops-set-2-assisted,loops-set-2,week-2,2026-09-14T10:00:00Z,assisted,written,Synthetic explanation: range excludes the stop value.,0.85,180,2,loops-rubric-v1,true,,system,0.87
syn-expanded-insufficient_data-13-cp2-unassisted,1,syn-expanded-insufficient_data-13,python.loops,loops-set-2-unassisted,loops-set-2,week-2,2026-09-14T10:00:00Z,unassisted,written,Synthetic attempt: I summed one extra element past the stop bound.,0.0,300,0,loops-rubric-v1,true,,system,0.05
syn-expanded-insufficient_data-14-cp1-assisted,1,syn-expanded-insufficient_data-14,python.loops,loops-set-1-assisted,loops-set-1,week-1,2026-09-07T10:00:00Z,assisted,written,Synthetic explanation: range excludes the stop value.,0.85,180,2,loops-rubric-v1,true,,system,0.87
syn-expanded-insufficient_data-14-cp1-unassisted,1,syn-expanded-insufficient_data-14,python.loops,loops-set-1-unassisted,loops-set-1,week-1,2026-09-07T10:00:00Z,unassisted,written,Synthetic attempt: I started the loop at 1 and stopped before n.,0.0,300,0,loops-rubric-v1,true,,system,0.05
syn-expanded-insufficient_data-14-cp2-assisted,1,syn-expanded-insufficient_data-14,python.loops,loops-set-2-assisted,loops-set-2,week-2,2026-09-14T10:00:00Z,assisted,written,Synthetic explanation: range excludes the stop value.,0.85,180,2,loops-rubric-v1,true,,system,0.87
syn-expanded-insufficient_data-14-cp2-unassisted,1,syn-expanded-insufficient_data-14,python.loops,loops-set-2-unassisted,loops-set-2,week-2,2026-09-14T10:00:00Z,unassisted,written,Synthetic attempt: I summed one extra element past the stop bound.,0.0,300,0,loops-rubric-v1,true,,system,0.05
